cell_type	B cell	T cell CD4+	T cell CD8+	Neutrophil	Macrophage	Myeloid dendritic cell
TCGA-EW-A1J6-01A-11R-A13Q-07	0	0.1089427	0.1587623	0.1076021	0.0494962	0.4116142
TCGA-D8-A73X-01A-11R-A32P-07	0.08179224	0.08688702	0.08240863	0.08840679	0.07168022	0.3373802
TCGA-AO-A0JC-01A-11R-A056-07	1.673884	1.7872176	1.3781239	0.7764974	0	2.5485828
TCGA-E2-A1IF-01A-11R-A144-07	0	0.14138817	0.07134564	0.05949252	0	0.33249185
TCGA-E9-A1R7-01A-11R-A14M-07	0.12415346	0.01742238	0.21200435	0.05989522	0.0917502	0.24979412
TCGA-LL-A73Z-01A-11R-A32P-07	0.01502104	0.19689499	0.19694802	0.15692293	0.09722039	0.55550035
TCGA-EW-A6SD-01A-12R-A33J-07	0.12488117	0.10361675	0.12817275	0.12040004	0.05280064	0.55255772
TCGA-A8-A08C-01A-11R-A00Z-07	0.06623923	0.06991737	0.08533844	0.03850608	0	0.23894956
TCGA-D8-A1XS-01A-11R-A14M-07	0.03145711	0.07735296	0.14144122	0.1008001	0.13865011	0.34450928
TCGA-A7-A425-01A-11R-A24H-07	0.0521361	0.1836431	0	0.1102275	0.1133972	0.478936
TCGA-AO-A0J9-01A-11R-A034-07	0	0.1666725	0.2712126	0.1154564	0.1904455	0.6782766
TCGA-B6-A0IN-01A-11R-A034-07	0.13488319	0.13197621	0.13977331	0.08368195	0.11357565	0.58739392
TCGA-AR-A2LM-01A-11R-A180-07	0.1069309	0.1539869	0.2902873	0.1532465	0.1413555	0.583162
TCGA-E2-A56Z-01A-12R-A29R-07	0.03020224	0.01637784	0.02229194	0.01556826	0	0.06867867
TCGA-AR-A24U-01A-11R-A169-07	0.09770861	0.23076699	0.3324598	0.310467	0.15248885	0.8615793
TCGA-BH-A0E2-01A-11R-A056-07	0.02505288	0.05781581	0.11263323	0.09698468	0.0537097	0.31449606
TCGA-S3-AA14-01A-11R-A41B-07	0.08054797	0.09618588	0.09814733	0.0449061	0.05185529	0.24482225
TCGA-E9-A1R0-01A-22R-A16F-07	0.08410533	0.12211832	0.24859522	0.06606375	0.0237698	0.48485491
TCGA-B6-A0IO-01A-11R-A034-07	0.0429236	0.05565856	0.07439041	0.0401217	0	0.19352864
TCGA-EW-A1J2-01A-21R-A13Q-07	0.03806136	0.14394783	0.28555719	0.17823873	0.25093479	0.70172398
TCGA-A2-A4RW-01A-21R-A266-07	0.06292301	0.18854785	0.17363592	0.09524042	0.18051688	0.37547309
TCGA-A2-A0YH-01A-11R-A109-07	0	0.1294095	0.1451925	0.2087146	0.250946	0.7282619
TCGA-EW-A2FW-01A-11R-A17B-07	0.028518357	0.024666531	0.002719262	0	0	0.073460327
TCGA-E9-A226-01A-21R-A157-07	0.08723002	0.09421577	0.24085253	0.16768995	0.21676749	0.42446291
TCGA-C8-A133-01A-32R-A12D-07	0.0264675622	0	0.0258312836	0.0001178212	0	0.0268428024
TCGA-BH-A18R-01A-11R-A12D-07	0.06861707	0.07931382	0.14705124	0.07648211	0	0.32354916
TCGA-EW-A1PH-01A-11R-A14M-07	0.06159915	0.0535501	0.17504931	0.09489044	0.06950908	0.44776546
TCGA-EW-A1P5-01A-11R-A144-07	0.003624003	0.134451751	0.063877058	0.166008763	0.01094277	0.43366803
TCGA-OL-A5RW-01A-11R-A28M-07	0.02295485	0.05482376	0.02035337	0.09460312	0	0.27738905
TCGA-OL-A97C-01A-32R-A41B-07	0	0.0783049	0.38166027	0.10236328	0.09808252	0.49599496
TCGA-Z7-A8R6-01A-11R-A41B-07	0.18629908	0.0641015	0.1687265	0.02355086	0	0.32786275
TCGA-A8-A07L-01A-11R-A00Z-07	0.030243271	0.043429263	0.043917276	0.026348021	0.009986244	0.19980751
TCGA-E9-A229-01A-31R-A157-07	0.03426889	0.18023297	0.1417922	0.20133789	0.21141745	0.59079083
TCGA-C8-A3M8-01A-11R-A213-07	0.01279474	0.05951599	0.03532067	0.04038408	0.06173043	0.19864758
TCGA-BH-A18L-01A-32R-A12D-07	0.02666058	0.02402664	0.10937082	0.02561571	0	0.10596481
TCGA-BH-A0DO-01B-11R-A12D-07	0.08284887	0.10123023	0.17203292	0.06628406	0.03854318	0.27301429
TCGA-E2-A1LK-01A-21R-A14D-07	0	0.007179518	0	0.142375381	0	0.267700023
TCGA-C8-A12X-01A-11R-A115-07	0.02181826	0.0653031	0	0.01340672	0.01772144	0.23429865
TCGA-A8-A09V-01A-11R-A034-07	0.06067125	0.11903252	0.06998484	0.09022021	0.07125541	0.22661002
TCGA-EW-A1P8-01A-11R-A144-07	0.02946615	0.17073133	0.05576002	0.2293706	0.22260766	0.80548215
TCGA-A2-A0T1-01A-21R-A084-07	0.08534632	0.16118772	0.32119971	0.14766288	0.03524856	0.89057981
TCGA-BH-A0B6-01A-11R-A19W-07	0.3045588	0.1566373	0.6777511	0.1971215	0	1.0876817
TCGA-OL-A5RX-01A-11R-A28M-07	0.04685611	0.18207739	0.12335959	0.11878878	0	0.37425024
TCGA-A7-A56D-01A-11R-A27Q-07	0	0.04656159	0	0.0115591	0	0.25317669
TCGA-E2-A156-01A-11R-A12D-07	0.09580306	0.03738363	0.06460948	0.03393722	0.02159317	0.17518357
TCGA-OL-A5D8-01A-11R-A27Q-07	0.05381221	0.09452026	0	0.04975377	0	0.23329533
TCGA-5L-AAT1-01A-12R-A41B-07	0.1912009	0.1454032	0.4552152	0.2161692	0.2571947	0.7802922
TCGA-AN-A0FZ-01A-11R-A034-07	0.07969369	0.06367137	0.1309969	0.04141219	0.07635492	0.27059888
TCGA-E2-A1LB-01A-11R-A144-07	0.14398964	0	0.14006323	0.07404224	0.08496784	0.38217942
TCGA-BH-A1FM-01A-11R-A13Q-07	0.04336302	0.02967809	0.16301917	0.10517655	0.23474855	0.25275673
TCGA-A2-A3XS-01A-11R-A22U-07	0.02307269	0.24140205	0.05108459	0.06474871	0	0.4186789
TCGA-4H-AAAK-01A-12R-A41B-07	0.04248088	0.1186	0.13912478	0.1081517	0.16076611	0.35102524
TCGA-BH-A1EV-01A-11R-A137-07	0.10816935	0.06407447	0.13123132	0.07330485	0.06471911	0.2885825
TCGA-AN-A03X-01A-21R-A00Z-07	0.01206168	0.01379911	0.17932755	0.10320824	0.12083137	0.36936671
TCGA-BH-A0B0-01A-21R-A115-07	0.1406647	0.1903312	0.2401672	0.1212811	0	0.7127286
TCGA-AC-A3W5-01A-11R-A22K-07	0.1502714	0.1676517	0.2546179	0.2015564	0.1099333	0.8160725
TCGA-E2-A1B1-01A-21R-A12P-07	0.1040879	0.2157501	0.4739062	0.2997722	0.2312443	1.0652188
TCGA-AC-A2QJ-01A-12R-A19W-07	0	0.12011361	0	0.06696703	0.28918897	0.72425104
TCGA-AR-A2LQ-01A-22R-A18M-07	0.03488022	0.16681492	0.19400241	0.14349178	0.27407105	0.49138369
TCGA-A8-A06X-01A-21R-A00Z-07	0.05503149	0.04303804	0.15917768	0.10097881	0.06041073	0.36750069
TCGA-B6-A0RU-01A-11R-A084-07	0.05187693	0.09101087	0.13888742	0.05335549	0.06429274	0.32009498
TCGA-AR-A0TT-01A-31R-A084-07	0.2673856	0.355391	0.2338717	0.2938199	0.1023722	1.0852898
TCGA-C8-A12Q-01A-11R-A115-07	0.06003381	0.06817438	0.20953337	0.1510119	0.20634641	0.55561169
TCGA-BH-A18J-01A-11R-A12D-07	0.11473158	0.06761386	0.14985886	0.10182937	0.10764741	0.43573614
TCGA-E9-A22H-01A-11R-A157-07	0.06776221	0.07970907	0.17951287	0.10430834	0.07629404	0.28473047
TCGA-EW-A6S9-01A-22R-A33J-07	0.12952186	0.07252667	0.10785038	0.08932585	0.03619955	0.34607142
TCGA-GI-A2C9-01A-11R-A21T-07	0.0866605	0.1664129	0.07152806	0.18440151	0.020481	0.71171678
TCGA-A1-A0SN-01A-11R-A144-07	0.122534	0.11316	0.2577479	0.1904753	0.1055206	0.471807
TCGA-AR-A250-01A-31R-A169-07	0.06449578	0.109398	0.11436274	0.17817116	0.1384641	0.62779675
TCGA-D8-A1XQ-01A-11R-A14M-07	0.03795485	0.16938889	0.02936579	0.24090641	0.10974915	0.65814657
TCGA-AC-A8OR-01A-21R-A41B-07	0.01878313	0.11172029	0.00900609	0.05352488	0.05513914	0.26401893
TCGA-A2-A1G1-01A-21R-A13Q-07	0.02364522	0.22751029	0.26077947	0.31907108	0.07245588	0.92451876
TCGA-E9-A22B-01A-11R-A157-07	0	0.02836123	0.09988088	0.08611225	0.07303846	0.25842576
TCGA-Z7-A8R5-01A-42R-A41B-07	0.0254537	0.09755236	0.23870612	0.12942366	0.12855151	0.43390974
TCGA-A2-A3KD-01A-12R-A213-07	0.02228928	0.07358932	0.11557717	0.05041453	0.09774296	0.22293519
TCGA-A7-A26J-01B-02R-A277-07	0.02661026	0.26500398	0.15225559	0.18225429	0.12416752	0.3007082
TCGA-AO-A1KS-01A-11R-A13Q-07	0.03450633	0.08397389	0.19449337	0.08920965	0.18803278	0.27883911
TCGA-E2-A1B5-01A-21R-A12P-07	0.2370338	0.7395855	0.551112	0.2618167	0	1.0358057
TCGA-HN-A2OB-01A-21R-A27Q-07	0.03341803	0.15047611	0.15448042	0.08150877	0.18380017	0.35736901
TCGA-AO-A0J3-01A-11R-A034-07	0.020497965	0	0.052331624	0.004212015	0.036864296	0.071144219
TCGA-A8-A06Z-01A-11R-A00Z-07	0.070171431	0.006976394	0.099703328	0.008687745	0.035732833	0.144005486
TCGA-A7-A3J1-01A-11R-A213-07	0.171959	0.3502563	0.2871292	0.2008958	0.105116	0.9264812
TCGA-C8-A1HK-01A-21R-A13Q-07	0.07747974	0	0.16324684	0.0772522	0.13145812	0.17872985
TCGA-BH-A0BM-01A-11R-A056-07	0.0180188	0.12220599	0.14285995	0.05242631	0.02709377	0.32094537
TCGA-LD-A7W6-01A-81R-A352-07	0.01748429	0.17370666	0.1183559	0.07678334	0.02357507	0.26661595
TCGA-A2-A04R-01A-41R-A109-07	0.01461962	0.00120595	0.07836912	0.01487601	0	0.078955
TCGA-AC-A2BM-01A-11R-A21T-07	0.05779675	0.11871128	0.13926461	0.11954262	0	0.41379357
TCGA-AR-A24L-01A-11R-A169-07	0.0266736	0.0530022	0.1708732	0.1465022	0.2280628	0.2714593
TCGA-WT-AB41-01A-11R-A41B-07	0.0901651	0.20254837	0.24394729	0.06533605	0	0.69023567
TCGA-E2-A14T-01A-11R-A115-07	0.009552595	0.075128888	0.059765355	0.066868733	0.076672551	0.386711933
TCGA-A8-A07G-01A-11R-A034-07	0.07065374	0.07534931	0.18201577	0.10058867	0.12586191	0.42301359
TCGA-C8-A1HJ-01A-11R-A13Q-07	0.01468459	0.08480213	0.18378365	0.14074081	0	0.4174312
TCGA-AC-A6IX-01A-12R-A32P-07	0.05401477	0.14202228	0.15852438	0.1447005	0.11376323	0.52880774
TCGA-AC-A3W6-01A-12R-A22K-07	0.03073001	0.25596588	0.2930109	0.16903263	0.11567934	0.67848366
TCGA-EW-A1PE-01A-11R-A144-07	0.04921651	0.17926933	0.14454048	0.20916697	0.10542499	0.60670846
TCGA-C8-A273-01A-11R-A16F-07	0.03195059	0.06168392	0.04169877	0.05283	0	0.32953181
TCGA-A8-A08J-01A-11R-A00Z-07	0	0.04588605	0.04509257	0.06653639	0.15737894	0.30153723
TCGA-AO-A0J6-01A-11R-A034-07	0.02929941	0.04669204	0.16250956	0.27985571	0	0.51330452
TCGA-D8-A1JJ-01A-31R-A14M-07	0.07923833	0.0855493	0.12323274	0.1399068	0.16219459	0.51225706
TCGA-EW-A3U0-01A-11R-A22K-07	0.2750193	0.2650249	0.5754833	0.3089286	0.1320757	1.3949745
TCGA-E9-A227-01A-11R-A157-07	0.06570942	0.11487939	0.35103491	0.10643215	0	0.6906822
TCGA-D8-A27F-01A-11R-A16F-07	0	0.17539631	0.06008501	0.18872413	0	0.56136197
TCGA-A8-A09W-01A-11R-A00Z-07	0.18223329	0.02952056	0.19031363	0.06814802	0.11804772	0.49330664
TCGA-E9-A1NE-01A-21R-A14M-07	0.1812848	0.32621567	0.91129619	0.38421805	0.03116174	1.2505151
TCGA-C8-A12M-01A-11R-A115-07	0.06349787	0.10190368	0.13308747	0.02998497	0.01322907	0.22410098
TCGA-BH-A8FY-01A-11R-A36F-07	0.03424289	0.08652741	0.05959637	0.03198381	0.0556922	0.19464227
TCGA-AO-A129-01A-21R-A10J-07	0.1150897	0.1929837	0.1307501	0.2040876	0	0.5054158
TCGA-AC-A8OS-01A-12R-A41B-07	0.06292272	0.22952184	0.16975228	0.1153656	0.13856724	0.45213084
TCGA-A2-A3XV-01A-21R-A239-07	0	0	0	0	0	0
TCGA-BH-A202-01A-11R-A14M-07	0.04723687	0.0557671	0.16175493	0.10868717	0.14553116	0.5315159
TCGA-B6-A0IH-01A-11R-A115-07	0.06188244	0.15429197	0.42028427	0.13772912	0.10339095	0.54694269
TCGA-AR-A24R-01A-11R-A169-07	0.05001475	0.1132595	0.15928261	0.09274674	0	0.45552009
TCGA-AC-A3HN-01A-11R-A213-07	0.07386378	0.17869135	0.2030773	0.18778329	0.11109093	0.69566154
TCGA-LL-A6FP-01A-11R-A31O-07	0.003373707	0	0	0	0	0
TCGA-S3-A6ZH-01A-22R-A32P-07	0.03803252	0.08054572	0.0410219	0.01668372	0	0.29695831
TCGA-E2-A1L8-01A-11R-A13Q-07	0.07970691	0.09130519	0.19532277	0.09467511	0	0.4282918
TCGA-A2-A0YJ-01A-11R-A109-07	0	0.13656105	0.10884315	0.06017359	0.02089048	0.41395495
TCGA-AO-A03P-01A-11R-A00Z-07	0.050703042	0.040626158	0.004107272	0.003132249	0	0.078638875
TCGA-E2-A14R-01A-11R-A115-07	0.034148202	0.121290443	0.006715373	0.133568432	0	0.436510133
TCGA-E9-A22A-01A-11R-A157-07	0.04160359	0.11702482	0.27657795	0.18251873	0.14662841	0.72693172
TCGA-E9-A249-01A-11R-A169-07	0.02025853	0.08578134	0.02878905	0.04804723	0	0.16745248
TCGA-AC-A3EH-01A-22R-A22K-07	0.16596759	0.06988959	0.17449935	0.02474628	0.04758275	0.37192344
TCGA-E2-A10A-01A-21R-A115-07	0.06615385	0.07209708	0.09328849	0.15182172	0.1097664	0.35132226
TCGA-AR-A1AI-01A-11R-A12P-07	0.09551219	0.14350891	0.24653854	0.27658997	0	0.68799714
TCGA-D8-A1X9-01A-12R-A157-07	0	0.12888677	0.117838	0.1377329	0.06679174	0.62965382
TCGA-A7-A4SC-01A-12R-A266-07	0.04493404	0.16648009	0.17638528	0.12493815	0.07251063	0.48714248
TCGA-E2-A1L9-01A-11R-A13Q-07	0	0.1421298	0.1369009	0.2004415	0.1763412	0.585182
TCGA-EW-A1P3-01A-11R-A144-07	0.04616622	0.094699	0.04561064	0.077842	0	0.27559606
TCGA-AC-A3TN-01A-11R-A22K-07	0.04041495	0.07393508	0.04052346	0	0	0.14023262
TCGA-E9-A1N9-01A-11R-A14D-07	0.05737687	0.10116192	0.2137673	0.0892602	0.08474493	0.30762821
TCGA-BH-A0BG-01A-11R-A115-07	0.1518236	0.3288165	0.1306638	0.2747072	0	0.916251
TCGA-A8-A08A-01A-11R-A32Y-07	0.12753193	0.07905251	0.07116003	0.06402223	0.03760901	0.46678786
TCGA-AR-A5QP-01A-11R-A28M-07	0.05200815	0.10433205	0.12333215	0.08047544	0.09244088	0.31254885
TCGA-B6-A0RT-01A-21R-A084-07	0.2024344	0.7861351	1.1849532	0.4856037	0	1.5979082
TCGA-BH-A0BZ-01A-31R-A12P-07	0	0.17919963	0.25303924	0.21126876	0.01914985	0.67782357
TCGA-D8-A1XA-01A-11R-A14D-07	0.05041495	0.10172178	0	0.05391281	0.03397949	0.27874999
TCGA-D8-A1Y3-01A-11R-A157-07	0.03855237	0.01702008	0.00727205	0.06398666	0.06509587	0.3796306
TCGA-A8-A07U-01A-11R-A034-07	0.1319827	0.2264955	0.1795705	0.2844859	0	0.7871657
TCGA-E9-A295-01A-11R-A16F-07	0.02272144	0.0657965	0.13625206	0.02843071	0	0.29905994
TCGA-AN-A0AL-01A-11R-A00Z-07	0.24722288	0.16698332	0.11027527	0.18595701	0.00851768	0.53651126
TCGA-B6-A0I8-01A-11R-A034-07	0.04205626	0.03337875	0.13583705	0.01101937	0.05902012	0.13660567
TCGA-BH-A42U-01A-12R-A24H-07	0.06725419	0.13516129	0.22609004	0.11969661	0	0.55826962
TCGA-BH-A0BF-01A-21R-A12P-07	0.05812619	0.21505748	0.34854999	0.26329913	0.12605645	0.7803693
TCGA-C8-A26W-01A-11R-A16F-07	0.08612368	0.14368811	0.22778605	0.15922791	0.07755624	0.56516552
TCGA-OL-A6VR-01A-32R-A33J-07	0.02076749	0.09847642	0.04543317	0	0.04279963	0.10622025
TCGA-OL-A5RY-01A-21R-A28M-07	0.2719443	0.2550112	0.3719557	0.2517943	0.1149992	0.9511784
TCGA-UU-A93S-01A-21R-A41B-07	0.15228545	0.03152711	0.06733123	0.02345384	0	0.12660221
TCGA-A2-A3XY-01A-11R-A239-07	0	0.3114467	0.1092247	0.2511025	0	0.6963694
TCGA-E9-A1N6-01A-11R-A144-07	0.06376137	0.08717827	0.11000421	0.10779967	0.11191029	0.44198961
TCGA-A2-A0T2-01A-11R-A084-07	0	0.08659045	0.17673115	0.05287233	0.09746789	0.38210565
TCGA-AN-A0FY-01A-11R-A034-07	0.05944926	0.12956683	0.04942124	0.0460901	0.05859355	0.33277987
TCGA-GM-A2DN-01A-11R-A180-07	0.10906	0.2032295	0.3158358	0.2259492	0	0.7535891
TCGA-AN-A0AJ-01A-11R-A00Z-07	0.052299275	0.084048935	0.211781817	0.130667393	0.002018973	0.54984204
TCGA-A2-A0YF-01A-21R-A109-07	0.1300183	0.01393771	0.22540946	0.15972434	0.25606097	0.45989824
TCGA-BH-A0AV-01A-31R-A115-07	0.005729077	0.081958719	0.301027828	0.244050119	0.125944399	0.617106224
TCGA-C8-A130-01A-31R-A115-07	0.02639086	0.06517979	0.11579209	0.03315845	0.02142133	0.27360989
TCGA-E2-A1IO-01A-11R-A144-07	0.0401314	0.2311139	0.3367895	0.1699572	0.1753566	0.5607232
TCGA-C8-A26X-01A-31R-A16F-07	0.10249785	0	0.23031391	0.13466016	0.08337007	0.5498665
TCGA-E2-A155-01A-11R-A12D-07	0.0385027	0	0.12529049	0.04230486	0.23923991	0.07676213
TCGA-E2-A14N-01A-31R-A137-07	0.00321682	0.22190582	0.08910009	0.19249072	0.03300053	0.45711232
TCGA-OL-A5D7-01A-11R-A27Q-07	0.1621865	0.2144219	0	0.3367149	0	0.3893611
TCGA-D8-A147-01A-11R-A115-07	0.065295701	0.277399904	0.109107976	0.236525238	0.005126432	0.617876602
TCGA-AQ-A04L-01B-21R-A10J-07	0.02473306	0.0398109	0.09384172	0	0.11533769	0.43866518
TCGA-GI-A2C8-01A-11R-A16F-07	0.10902148	0.04634363	0.23699059	0.16915083	0.29867461	0.50026998
TCGA-AR-A1AO-01A-11R-A12P-07	0	0.1792073	0.5226048	0.4544758	0.5764976	1.6865914
TCGA-EW-A1P0-01A-11R-A144-07	0.037058545	0.113433509	0.005909269	0.040633104	0.053707645	0.231103125
TCGA-AO-A1KR-01A-12R-A144-07	0	0.13628687	0.05040493	0.09407165	0	0.04043646
TCGA-C8-A275-01A-21R-A16F-07	0.09326895	0.11197643	0.25420535	0.19003022	0.05147141	0.70763353
TCGA-E9-A1RF-01A-11R-A157-07	0	0.03772629	0.2671386	0.13482136	0.06169876	0.5547249
TCGA-EW-A1IW-01A-11R-A13Q-07	0.01991637	0.10699524	0.20321423	0.12584952	0.13884698	0.36996145
TCGA-BH-A18U-01A-21R-A12D-07	0.02647449	0.02115835	0.02029939	0.05971171	0.126148	0.26429466
TCGA-AC-A2FM-01A-11R-A19W-07	0.006408237	0.044438887	0.020987043	0.017804584	0	0.108498764
TCGA-BH-A0BJ-01A-11R-A056-07	0.07690586	0.12148507	0.20835526	0.10173407	0.09541827	0.46898561
TCGA-5T-A9QA-01A-11R-A41B-07	0.060572825	0.014872765	0	0	0.003580025	0.0700907
TCGA-AN-A0XL-01A-11R-A10J-07	0	0.1263262	0.2009043	0.1174636	0.1005725	0.4664772
TCGA-BH-A0E1-01A-11R-A056-07	0.028560337	0.059989731	0.097249823	0.004682417	0	0.212055824
TCGA-E2-A10F-01A-11R-A10J-07	0.02347235	0.179668	0.21320882	0.22407251	0.16396121	0.69466204
TCGA-AN-A049-01A-21R-A00Z-07	0.109958	0.113393	0.1672888	0.104342	0.1074283	0.4866849
TCGA-A2-A0ST-01A-12R-A084-07	0.2590649	0.3502936	0.5369149	0.4375049	0	1.434906
TCGA-A8-A086-01A-11R-A00Z-07	0.0182307	0.03694511	0.09901418	0.09123481	0.13477053	0.23360083
TCGA-LL-A5YL-01A-12R-A29R-07	0.006476627	0.057236526	0.091125373	0.043701832	0	0.317331739
TCGA-EW-A1J1-01A-11R-A13Q-07	0.0270845	0.05596203	0.17648738	0.10275842	0.08645344	0.40608619
TCGA-B6-A0IB-01A-11R-A034-07	0.096719763	0.005571991	0.0750944	0	0	0.003292457
TCGA-D8-A1XG-01A-11R-A14D-07	0.03277265	0.00394915	0.15509884	0.0606793	0.07222604	0.16902771
TCGA-AO-A03V-01A-11R-A115-07	0.07433543	0.12327286	0.14782865	0.0614874	0	0.28652369
TCGA-BH-A0H3-01A-11R-A12P-07	0.04623438	0.15356621	0.27596222	0.17030147	0.13016911	0.51358894
TCGA-AR-A2LO-01A-31R-A18M-07	0.06634196	0.27768212	0.28300412	0.21218179	0.01072111	0.69414315
TCGA-BH-A28Q-01A-11R-A16F-07	0.0513215	0.1325004	0.11309026	0.09998387	0.05659592	0.28854416
TCGA-EW-A1PF-01A-11R-A144-07	0.06599896	0.13392709	0.1397472	0.15269423	0.09128535	0.47092848
TCGA-BH-A0H6-01A-21R-A056-07	0.01130486	0.08610072	0.11187589	0.08625673	0.17003981	0.2605925
TCGA-EW-A1PA-01A-11R-A144-07	0.08933111	0.11270027	0.12191585	0.09252737	0.05773342	0.36256561
TCGA-A7-A6VW-01A-21R-A33J-07	0	0.02327497	0	0.17473895	0	0.26360553
TCGA-A2-A04X-01A-21R-A034-07	0.08618215	0.12123898	0.17075839	0.12246574	0	0.38696665
TCGA-E2-A159-01A-11R-A115-07	0.09128255	0.0961268	0.46928367	0.23468548	0.0913821	0.87039886
TCGA-BH-A1EN-01A-11R-A13Q-07	0.24015193	0	0.07484815	0.01994655	0	0.18873932
TCGA-GM-A4E0-01A-12R-A266-07	0	0.2632764	0.4161289	0.2487997	0.3167677	0.8846315
TCGA-A7-A0CJ-01A-21R-A00Z-07	0.02736305	0.04245148	0.07091154	0.05504491	0	0.14564325
TCGA-B6-A0RS-01A-11R-A084-07	0	0.08762334	0.16819787	0.18496155	0.08579958	0.50986194
TCGA-A7-A13D-01A-13R-A12P-07	0.00150202	0.10718213	0	0.036191	0	0.18685451
TCGA-D8-A1XC-01A-11R-A14D-07	0.03317264	0	0.1243113	0.0289408	0	0.09007969
TCGA-A2-A0SY-01A-31R-A084-07	0.12893504	0.13543508	0.20454191	0.127884	0.09950431	0.46947961
TCGA-E2-A15H-01A-11R-A12D-07	0.03881336	0.08824509	0.06261899	0.02620934	0	0.19262817
TCGA-BH-A8FZ-01A-11R-A352-07	0.05216841	0.20744959	0.11502091	0.30187146	0	1.13411112
TCGA-AN-A0FV-01A-11R-A00Z-07	0.06299654	0.01300991	0.12889257	0.05941741	0.04397866	0.35808623
TCGA-A7-A0DB-01C-02R-A277-07	0.01036318	0.15678556	0.08189207	0.061249	0.26625585	0.05000296
TCGA-E9-A3X8-01A-31R-A22U-07	0	0.05358175	0.2289381	0.01226305	0	0.30413297
TCGA-BH-A0HI-01A-11R-A084-07	0.05829062	0.07407582	0.14897021	0.10830745	0.02486831	0.36793736
TCGA-AN-A046-01A-21R-A034-07	0.03133549	0.09081321	0.21917555	0.12207037	0	0.45625566
TCGA-A2-A04Q-01A-21R-A034-07	0.2384069	0.1360401	0.5110426	0.282277	0	1.0759595
TCGA-D8-A1XU-01A-11R-A14M-07	0.08542943	0.04139634	0.1465195	0.09599661	0.05471433	0.41792425
TCGA-AC-A62Y-01A-11R-A29R-07	0	0.1079591	0.1102388	0.1686099	0.1372295	0.538392
TCGA-AN-A0FX-01A-11R-A034-07	0.02097764	0.14962466	0.12964944	0.0943902	0	0.41261226
TCGA-B6-A0I6-01A-11R-A034-07	0.02114313	0.15711014	0.07116809	0.12357012	0.03456673	0.36686464
TCGA-E2-A14P-01A-31R-A12D-07	0.12961009	0.04206599	0.19209474	0.07386966	0	0.42437555
TCGA-A2-A0CT-01A-31R-A056-07	0.008607914	0.019669464	0.068239567	0.058194328	0.101452479	0.135095497
TCGA-A8-A06N-01A-11R-A00Z-07	0.008285375	0.008213548	0.035605569	0.020392892	0.126993961	0.020287395
TCGA-B6-A0WY-01A-11R-A109-07	0.02934564	0.13285594	0.15501449	0.10214585	0.07549758	0.47435702
TCGA-S3-AA17-01A-11R-A41B-07	0.13988607	0.30095553	0.34876284	0.2245038	0.02903422	0.80331019
TCGA-BH-A0BR-01A-21R-A115-07	0.2492933	0.1197511	0.4329407	0.1788481	0.175077	0.923542
TCGA-D8-A3Z6-01A-11R-A239-07	0.0738132	0.08829229	0.0664256	0.0553214	0.01847117	0.2547241
TCGA-S3-A6ZF-01A-32R-A32P-07	0.12635454	0.12771391	0.11992282	0.10211171	0.01724054	0.42140702
TCGA-A2-A0EP-01A-52R-A22U-07	0.08344936	0.62655402	0.35943913	0.48388673	0	2.21574959
TCGA-LD-A74U-01A-13R-A33J-07	0.000567942	0.178121426	0.144595343	0.121549395	0.288957829	0.554075119
TCGA-AN-A03Y-01A-21R-A00Z-07	0.14843483	0.057526167	0.195195582	0.007001806	0	0.237142703
TCGA-GM-A2DM-01A-11R-A180-07	0	0.006795059	0.124019732	0.128642922	0.120188638	0.339262523
TCGA-B6-A402-01A-11R-A239-07	0	0.10671654	0.0153503	0.01130589	0	0.17665963
TCGA-B6-A0I1-01A-11R-A21T-07	0.008920669	0.195296861	0.001700141	0	0	0.183336098
TCGA-LL-A5YO-01A-21R-A28M-07	0.4312466	0.3500858	0.347101	0.2214319	0	1.1960795
TCGA-BH-A18N-01A-11R-A12D-07	0.04740352	0.07690596	0.04931558	0.06830704	0.05510764	0.16732376
TCGA-LL-A5YM-01A-11R-A28M-07	0.005211222	0	0	0	0	0.057876101
TCGA-BH-A0B1-01A-12R-A056-07	0.0677173	0.08354661	0.14246705	0.06069985	0.01912336	0.25377095
TCGA-B6-A0X1-01A-11R-A109-07	0.10899524	0.09433219	0.20607659	0.25842374	0	0.69434211
TCGA-EW-A1PD-01A-11R-A144-07	0.0464924	0.08990617	0.11269893	0.11032261	0.11402624	0.41502196
TCGA-E2-A14Y-01A-21R-A12D-07	0	0	0.1430779	0.04280556	0	0.61819678
TCGA-C8-A134-01A-11R-A115-07	0.05087119	0.21720427	0	0.36263138	0.01338692	0.64388974
TCGA-AR-A254-01A-21R-A169-07	0	0.1423657	0.1477194	0.2154722	0.2144964	0.608843
TCGA-A7-A0CG-01A-12R-A056-07	0.1134091	0.1881013	0.3780017	0.1553366	0.1399875	0.5768925
TCGA-E9-A22D-01A-11R-A157-07	0	0	1.2205887	0.3286482	0	1.0233327
TCGA-D8-A1JT-01A-31R-A13Q-07	0.00142543	0	0.1026432	0.08025496	0.06721914	0.18868968
TCGA-A7-A0CH-01A-21R-A00Z-07	0.04608956	0.07059676	0.13102246	0.06822115	0.07567194	0.24128723
TCGA-B6-A0RO-01A-22R-A084-07	0.07874864	0.03884597	0.07804336	0.0056207	0	0.16408725
TCGA-E2-A9RU-01A-11R-A41B-07	0.011134046	0.003547024	0	0.014886961	0	0.11672602
TCGA-A2-A0D1-01A-11R-A034-07	0.076320946	0.035953322	0.059800045	0.001083912	0	0.038770805
TCGA-D8-A13Z-01A-11R-A115-07	0.08094951	0.10062056	0.20482799	0.26341675	0.12120772	0.78229354
TCGA-E2-A1BC-01A-11R-A12P-07	0.08575232	0.09936219	0.24792936	0.09872777	0.17472274	0.2852832
TCGA-A2-A3XZ-01A-42R-A239-07	0.37201884	0.37441884	0.05400442	0.14329916	0	0.84510138
TCGA-E9-A3QA-01A-61R-A22K-07	0.06022531	0.29743931	0	0.47932496	0	0.8371411
TCGA-AR-A1AP-01A-11R-A12P-07	0.15268148	0.12791631	0.16348368	0.11633913	0.08079119	0.5634401
TCGA-A8-A09G-01A-21R-A00Z-07	0.22528005	0.09462039	0.31346973	0.13020025	0.09883688	0.46040093
TCGA-AR-A0TQ-01A-11R-A084-07	0.04030436	0.1924293	0.22853023	0.12019727	0.01364581	0.49961795
TCGA-A8-A0A2-01A-11R-A034-07	0.12498761	0.05377541	0.18122611	0.10529976	0.11202627	0.34873705
TCGA-BH-A1EO-01A-11R-A137-07	0.04346531	0.19119522	0.22677611	0.21956732	0.47316657	0.67401573
TCGA-AO-A12A-01A-21R-A115-07	0.11892392	0.14207647	0.1978602	0.12675688	0.00508296	0.61018043
TCGA-E2-A15P-01A-11R-A115-07	0.04069106	0.11186972	0.12079332	0.05429717	0.07665812	0.24078423
TCGA-AO-A1KQ-01A-11R-A13Q-07	0.005809237	0.007640119	0.305317792	0.083413732	0	0.312001308
TCGA-BH-A1ET-01A-11R-A137-07	0.07498479	0.09704296	0.18960049	0.12997928	0.1695204	0.28653539
TCGA-BH-A0W3-01A-11R-A109-07	0.11876025	0.07132825	0.11132097	0.07586796	0.02529484	0.30465956
TCGA-AC-A2FF-01A-11R-A17B-07	0.08130696	0.24209103	0.35033308	0.15896482	0.17718791	0.73473677
TCGA-BH-A1FR-01A-11R-A13Q-07	0.08422064	0.08069642	0.14930373	0.10241935	0.11579746	0.37563554
TCGA-A2-A25C-01A-11R-A169-07	0.07384561	0.1365997	0.17110461	0.1266019	0	0.55325182
TCGA-GM-A3XG-01A-31R-A24H-07	0.022712536	0.099285714	0.125354359	0.020636679	0.008616006	0.29417686
TCGA-D8-A1XK-01A-21R-A14M-07	0	0.006434366	0.156606704	0.252053127	0.007887967	0.617887686
TCGA-A2-A0EM-01A-11R-A034-07	0.096549544	0.047009458	0.141161082	0.057284119	0.005817362	0.42837156
TCGA-A2-A0EY-01A-11R-A034-07	0.09390546	0.13420722	0.10038808	0.08322298	0.08141878	0.40650022
TCGA-D8-A1XL-01A-11R-A14M-07	0.06727315	0.12181114	0.16546534	0.13451247	0	0.49599679
TCGA-AO-A0JA-01A-11R-A056-07	0.1148462	0.123954	0.1569028	0.1487617	0.1985199	0.5125193
TCGA-B6-A0IA-01A-11R-A034-07	0	0.02134973	0.01537621	0	0	0.03460774
TCGA-A2-A0YC-01A-11R-A109-07	0.03666065	0.10361875	0.08513154	0.11032845	0.05541279	0.36013981
TCGA-D8-A143-01A-11R-A115-07	0.12425972	0.04570444	0.08837742	0.10078126	0	0.33446576
TCGA-OL-A66J-01A-11R-A29R-07	0.006472132	0.043595385	0.212490755	0.106315791	0.146955111	0.432380133
TCGA-AR-A255-01A-11R-A169-07	0.0335994	0.1799946	0.197458	0.1758914	0.1186523	0.5798263
TCGA-C8-A12T-01A-11R-A115-07	0.0002864803	0.0515673473	0.0814796917	0.0577001468	0.0336043433	0.2939987126
TCGA-AR-A0TR-01A-11R-A084-07	0.067357485	0.12762367	0.039832862	0.008158622	0	0.069218249
TCGA-HN-A2NL-01A-11R-A18M-07	0.07253342	0.07574247	0.05567491	0.05459454	0	0.2227679
TCGA-C8-A1HM-01A-12R-A137-07	0	0	0.8387026	0.3207986	0	0.8228259
TCGA-PE-A5DD-01A-12R-A27Q-07	0.15552063	0.16542465	0.23027354	0.06724782	0	0.39361946
TCGA-A8-A08B-01A-11R-A00Z-07	0.02919921	0.08220075	0.0743677	0.07505512	0	0.17523519
TCGA-A2-A0D4-01A-11R-A00Z-07	0.042349061	0.043536364	0.092138814	0.006481599	0.025883217	0.121721056
TCGA-AN-A0XP-01A-11R-A109-07	0.009276965	0.118965627	0.035262574	0.057775469	0	0.171414769
TCGA-BH-A0BA-01A-11R-A056-07	0.06490727	0.17733929	0.17709927	0.08870525	0.02270953	0.35092111
TCGA-A8-A090-01A-11R-A00Z-07	0.02043475	0.07064962	0.10093928	0.15075464	0.17183602	0.5131867
TCGA-S3-AA15-01A-11R-A41B-07	0.35411502	0.20482358	0.07797517	0.15525127	0.09513682	0.46652801
TCGA-BH-A0GY-01A-11R-A056-07	0.13033324	0.07211545	0.19318776	0.12522684	0.06489733	0.58032353
TCGA-AC-A23G-01A-11R-A213-07	0	0.1114098	0.2295893	0.1752445	0.1323602	0.7268439
TCGA-A2-A0ES-01A-11R-A115-07	0	0.1486927	0.3542492	0.188747	0.1912187	0.6034238
TCGA-A8-A07Z-01A-11R-A00Z-07	0	0.09209867	0.03975153	0.01911635	0	0.42706834
TCGA-A8-A096-01A-11R-A00Z-07	0.1049601	0.1724268	0.2322119	0.3020592	0.1874491	0.9747157
TCGA-AO-A12G-01A-11R-A10J-07	0.06071414	0.07248751	0.12904233	0.03340239	0.03262762	0.27351058
TCGA-AC-A3OD-01B-06R-A22O-07	0.06240241	0.3306271	0.3947802	0.2019465	0.08412195	0.638128
TCGA-A2-A0YL-01A-21R-A109-07	0.1068151	0.1377988	0.3734261	0.14151	0.1511454	0.5341695
TCGA-GM-A3XN-01A-12R-A22U-07	0.03926749	0.20159711	0.17335533	0.12587873	0.04049625	0.55791798
TCGA-D8-A142-01A-11R-A115-07	0.09218039	0.08096282	0.1828092	0.11663766	0.06075717	0.57475727
TCGA-AN-A04A-01A-21R-A034-07	0.01926368	0.04361534	0.13568311	0.10056803	0.11390687	0.23938553
TCGA-C8-A8HR-01A-11R-A36F-07	0	0.2444015	0.2426381	0.2372429	0.2068267	0.7029195
TCGA-AO-A0JB-01A-11R-A32Y-07	0.05071407	0.08760671	0	0	0	0.15591478
TCGA-A7-A3IY-01A-21R-A21T-07	0	0	0.1620406	0.2817959	0.1442121	0.7116554
TCGA-BH-A0W4-01A-11R-A109-07	0.03895394	0.09758182	0.1829503	0.07719549	0.12038764	0.25388946
TCGA-D8-A1JN-01A-11R-A13Q-07	0.083609795	0.03755339	0.134839071	0.032477695	0.003080587	0.096135868
TCGA-GM-A3XL-01A-11R-A22U-07	0	0.06657719	0.16943002	0.12066362	0	0.48934515
TCGA-A8-A09X-01A-11R-A00Z-07	0.14045652	0.07615964	0.27628558	0.15489986	0.1104736	0.69555919
TCGA-AO-A12F-01A-11R-A115-07	0	0.03452047	0	0.17155468	0.08851753	0.17398339
TCGA-B6-A0RE-01A-11R-A056-07	0	0.10912104	0.05265439	0.12819432	0.01917799	0.44992428
TCGA-A2-A04Y-01A-21R-A034-07	0.03158519	0.13021471	0.21901845	0.14812159	0.07927527	0.58801643
TCGA-A7-A5ZW-01A-12R-A29R-07	0.01451044	0.11779559	0.19246375	0.13094183	0.16756661	0.40521587
TCGA-BH-A0BT-01A-11R-A12P-07	0.02512229	0.14350581	0.05780154	0.04743901	0	0.22570046
TCGA-B6-A0I9-01A-11R-A034-07	0.03388965	0.06380454	0.03846191	0.03508289	0	0.25689407
TCGA-BH-A0H5-01A-21R-A115-07	0.41799864	0.54197604	1.01475451	0.40729285	0.05090662	1.46385638
TCGA-D8-A27G-01A-11R-A16F-07	0.04860754	0.10904322	0.28082801	0.14508934	0.07744373	0.58013313
TCGA-A8-A07J-01A-11R-A00Z-07	0.02622555	0.14269472	0.27854516	0.23870584	0.43483613	1.0249852
TCGA-E2-A1LA-01A-11R-A144-07	0.04315954	0.006989404	0.320544022	0.169118257	0	0.595528722
TCGA-BH-A0BD-01A-11R-A034-07	0.01968937	0.2422816	0.07903194	0.13402086	0	0.59853658
TCGA-AC-A8OP-01A-11R-A36F-07	0.02324145	0.11103709	0.10930522	0.10880135	0.06916653	0.31443514
TCGA-E9-A1R3-01A-31R-A14M-07	0.08940634	0.12320733	0.07893554	0.15602867	0.01316152	0.96570665
TCGA-BH-A0AU-01A-11R-A12P-07	0.04339201	0.14166815	0.09472543	0.07737317	0.05326008	0.32196831
TCGA-AC-A3YI-01A-21R-A239-07	0	0.09596889	0.17449922	0.27411498	0.04312956	0.51655513
TCGA-BH-A0B3-01A-11R-A056-07	0.04590808	0.18536628	0	0.18988959	0	0.54069225
TCGA-C8-A1HL-01A-11R-A137-07	0.04387506	0.07689142	0.09720649	0.0903071	0.19926813	0.24133883
TCGA-D8-A27N-01A-11R-A16F-07	0	0.09048927	0.11898082	0.1633429	0.25815153	0.56043765
TCGA-BH-A0EA-01A-11R-A115-07	0.02611687	0.14160859	0.1898191	0.11882107	0.03283379	0.52997952
TCGA-AN-A0XO-01A-11R-A109-07	0.016771963	0.051713269	0.079589504	0.007599772	0	0.221950731
TCGA-AR-A0TW-01A-11R-A084-07	0.0829523	0	0.28673801	0.10977106	0.06411682	0.43027676
TCGA-C8-A138-01A-11R-A115-07	0	0.03171088	0.51159989	0.13695823	0	0.82024325
TCGA-XX-A89A-01A-11R-A36F-07	0.09952826	0.27775298	0.21949904	0.23021208	0.35858842	0.81782873
TCGA-A2-A04N-01A-11R-A115-07	0.08781314	0.08313399	0.13736844	0.0818936	0.11782197	0.3105113
TCGA-C8-A131-01A-11R-A115-07	0	0.05530464	0.14025996	0.22087466	0.03598342	0.34898424
TCGA-EW-A1J3-01A-11R-A13Q-07	0.03150747	0.0386726	0.18292886	0.12615073	0	0.34067679
TCGA-AC-A2QI-01A-12R-A19W-07	0.1018527	0.1588074	0.2869789	0.1748664	0.1920876	0.5916511
TCGA-D8-A1XD-01A-11R-A14D-07	0.09120688	0.04095098	0.10843985	0.05183107	0.09055341	0.19248318
TCGA-OL-A66N-01A-12R-A31O-07	0.04939233	0.11151102	0.09795449	0.02971098	0.02152608	0.29834929
TCGA-D8-A1JA-01A-11R-A13Q-07	0.16181785	0.02074776	0.20505072	0.21717248	0.14633467	0.46386128
TCGA-E2-A15I-01A-21R-A137-07	0.07195013	0.19429265	0.3693677	0.17177105	0.07960992	0.54265308
TCGA-A8-A099-01A-11R-A00Z-07	0.12914622	0.07048479	0.10808328	0.06284906	0	0.30120466
TCGA-AN-A0XV-01A-11R-A109-07	0.03525106	0.14694655	0.26348545	0.09529214	0.03459562	0.43986857
TCGA-E2-A15O-01A-11R-A115-07	0.01218809	0.10916399	0	0.03892607	0	0.19606735
TCGA-C8-A27B-01A-11R-A169-07	0	0.09920004	0	0.49027529	0	0.6155391
TCGA-E9-A1NA-01A-11R-A144-07	0.04982789	0.11098096	0.06369107	0.16848481	0.2179905	0.49154142
TCGA-5L-AAT0-01A-12R-A41B-07	0.0780913	0.1633211	0.190663	0.132286	0.1050902	0.5231477
TCGA-E2-A570-01A-11R-A29R-07	0.0575844	0.07738308	0.06377735	0.07454751	0.04477422	0.26370353
TCGA-OL-A5DA-01A-11R-A27Q-07	0.02717213	0.11128687	0.12523761	0.05975641	0	0.2013749
TCGA-EW-A1P4-01A-21R-A144-07	0.1716406	0.04990491	0.32799105	0.26133092	0	0.76465852
TCGA-A8-A08I-01A-11R-A00Z-07	0.18857567	0.03732542	0.46554776	0.38943684	0	1.51699306
TCGA-D8-A13Y-01A-11R-A115-07	0.115005994	0.022848395	0.129706821	0.049302383	0.005877784	0.250859831
TCGA-AN-A0FD-01A-11R-A034-07	0	0.08079424	0.0309086	0.06875047	0.01606976	0.25498519
TCGA-B6-A1KI-01A-11R-A14M-07	0.02501963	0.0723843	0.08483916	0.024082	0	0.12645198
TCGA-E2-A1B4-01A-11R-A12P-07	0.0571491	0.06695723	0.07160574	0.0178253	0	0.11160284
TCGA-E9-A1R5-01A-11R-A14M-07	0.02719399	0.14672526	0.01418687	0.04897261	0.03196292	0.21637448
TCGA-E2-A1IL-01A-11R-A14D-07	0.06471625	0.09473254	0.12339101	0.05761924	0.08530361	0.23797381
TCGA-AQ-A04H-01B-11R-A10J-07	0	0.04751171	0.10814225	0.06902809	0.1831544	0.20121987
TCGA-A1-A0SB-01A-11R-A144-07	0.0345169	0.04984193	0.15187542	0.04106748	0.11024267	0.18867565
TCGA-AR-A24W-01A-11R-A169-07	0	0.09990744	0.20250993	0.17461638	0	0.43250264
TCGA-E9-A1R2-01A-11R-A14D-07	0.12726644	0.12122404	0.11694016	0.07444181	0.01854073	0.32358567
TCGA-A2-A1FX-01A-11R-A13Q-07	0.02302372	0.08997863	0.10049801	0.14151056	0.09687727	0.33841916
TCGA-AO-A12E-01A-11R-A10J-07	0.04764344	0.13522127	0.15985376	0.15796061	0.16824683	0.49996839
TCGA-A7-A3RF-01A-11R-A22K-07	0.06444301	0.0179363	0	0	0	0.07064574
TCGA-A2-A0SV-01A-11R-A084-07	0.050695	0.08823759	0.09679397	0.14809152	0.12910596	0.72999934
TCGA-LL-A7T0-01A-31R-A352-07	0.06719524	0.07678916	0.02365949	0.04524653	0	0.26728686
TCGA-BH-A0E0-01A-11R-A056-07	0.13419017	0.07836379	0.07707901	0	0	0.53594692
TCGA-OL-A66P-01A-11R-A31O-07	0.12920023	0	0.49056729	0.08464935	0.05249244	0.63143775
TCGA-BH-A0C3-01A-21R-A12P-07	0.04667391	0.26673322	0.26933556	0.14421096	0.10743678	0.709975
TCGA-E2-A106-01A-11R-A10J-07	0.08735112	0.05712075	0.03199264	0	0	0.14136103
TCGA-E9-A5UO-01A-11R-A28M-07	0.07441435	0.01895516	0	0	0	0.06373711
TCGA-B6-A0I2-01A-11R-A034-07	0.04826838	0	0.39899929	0.18180911	0	0.53291943
TCGA-A7-A26E-01A-11R-A277-07	0.002107166	0	0	0	0	0
TCGA-E2-A109-01A-11R-A10J-07	0.02420659	0.0872641	0.0916582	0.05025297	0.04166637	0.22471125
TCGA-B6-A40C-01A-11R-A239-07	0.03265319	0.15562966	0	0.09385084	0.05380792	0.35750712
TCGA-S3-A6ZG-01A-22R-A32P-07	0.084463231	0.110280149	0.094511154	0.075610648	0.007891759	0.409961119
TCGA-PL-A8LV-01A-21R-A41B-07	0.08851513	0.16647434	0.09999522	0.07329879	0	0.4779044
TCGA-E2-A14U-01A-11R-A22K-07	0.03569168	0.09576122	0.17546137	0.05826337	0.10438866	0.318913
TCGA-A2-A0SW-01A-11R-A084-07	0.1425954	0.108834	0.2255835	0.1052623	0	0.4470395
TCGA-BH-A0W5-01A-11R-A109-07	0.3769079	0.5904857	0.3474533	0.24704236	0.03093102	0.88904779
TCGA-E2-A14Q-01A-11R-A12D-07	0.06713381	0.13271662	0.15855418	0.05677699	0	0.36057833
TCGA-GM-A2DF-01A-11R-A180-07	0.1543281	0.1128893	0.0665352	0.130219	0	0.5090993
TCGA-AR-A0TZ-01A-12R-A084-07	0.06232817	0.0363849	0.09532176	0.10065583	0	0.25967268
TCGA-B6-A0X5-01A-21R-A109-07	0.13812348	0.07835594	0.06667704	0	0	0.28768725
TCGA-BH-A0C7-01B-11R-A115-07	0.01497226	0.11329282	0.12337778	0.11889857	0.11389953	0.30848119
TCGA-A2-A3XT-01A-11R-A22U-07	0	0.153947	0	0.464106	0	0.7942571
TCGA-AO-A03L-01A-41R-A056-07	0.06916375	0.11364794	0.13880264	0.10935725	0.01352601	0.33874377
TCGA-E2-A1II-01A-11R-A144-07	0.1918738	0.1962795	0.6049241	0.3996356	0	1.1483057
TCGA-D8-A1JU-01A-11R-A13Q-07	0	0.1404509	0.3099728	0.183318	0.3372194	0.6634354
TCGA-B6-A1KF-01A-11R-A13Q-07	0	0.02411531	0.05088534	0.04678202	0.08880757	0.08175785
TCGA-EW-A1IX-01A-12R-A144-07	0.08387679	0.10000666	0.1926336	0.16452497	0	0.64823505
TCGA-E2-A1LS-01A-12R-A157-07	0	0.01185978	0.08819285	0.08399896	0	0.22995156
TCGA-B6-A1KN-01A-11R-A13Q-07	0.02232884	0.05965739	0.13951277	0.08395444	0	0.31810454
TCGA-A7-A0DB-01A-11R-A277-07	0	0	0	0	0	0.05744936
TCGA-BH-A0DI-01A-21R-A12P-07	0.06026833	0.0962604	0.29827817	0.15937742	0.14102775	0.62223553
TCGA-E9-A5FK-01A-11R-A27Q-07	0.1077767	0.2686897	0.5395199	0.118381	0	0.7167957
TCGA-GM-A5PX-01A-12R-A28M-07	0	0.14383768	0.16122198	0.0920069	0.08876984	0.3176254
TCGA-AN-A0XS-01A-22R-A109-07	0.09378635	0.17721801	0.21747037	0.12068209	0.04692283	0.56392892
TCGA-AR-A24O-01A-11R-A169-07	0.07661162	0.14819822	0.35580493	0.25293991	0.19012735	0.71074701
TCGA-A2-A0YM-01A-11R-A109-07	0	0.1757731	0	0.3525572	0	0.7729089
TCGA-AR-A1AQ-01A-11R-A12P-07	0.03169214	0.13418327	0.17254612	0.19923108	0	0.53713428
TCGA-AN-A04D-01A-21R-A034-07	0.055871013	0.029600195	0.008805178	0.037344623	0.078227364	0.192548899
TCGA-BH-A1F0-01A-11R-A137-07	0.0544655	0.2999929	0.3972819	0.5343984	0.2961297	1.1454079
TCGA-BH-A18V-01A-11R-A12D-07	0.063114937	0.272800433	0	0.283489453	0.005711162	0.831384155
TCGA-E2-A158-01A-11R-A12D-07	0.07682887	0.0450081	0.13918077	0.03467137	0.03335184	0.21046398
TCGA-AO-A0J8-01A-21R-A034-07	0.09223635	0.13210669	0.15202153	0.10563829	0	0.50934044
TCGA-A7-A2KD-01A-31R-A21T-07	0.04629707	0.15381159	0.18462136	0.19112144	0.14995122	0.5590504
TCGA-AR-A24Z-01A-11R-A169-07	0.02181526	0.02835627	0.09761238	0.14245871	0.13450517	0.23259979
TCGA-EW-A424-01A-11R-A24H-07	0.026418393	0.0885521735	0.003548852	0.0246289334	0.0003711566	0.128937281
TCGA-E9-A1N3-01A-12R-A157-07	0.02443093	0.01020095	0.05199754	0.03584688	0.02059994	0.08626681
TCGA-A8-A07O-01A-11R-A00Z-07	0.009090435	0.068925538	0.039194031	0.210445331	0	0.453068485
TCGA-D8-A1JD-01A-11R-A13Q-07	0.10749539	0.08699855	0.13689517	0.13857132	0.18975827	0.60858761
TCGA-A2-A3XU-01A-12R-A22U-07	0	0.0009847643	0	0	0	0.0839039088
TCGA-AR-A0TP-01A-11R-A084-07	0.19296715	0.01098184	0.08068066	0.0989308	0	0.4509616
TCGA-D8-A140-01A-11R-A115-07	0.0960506	0.11173511	0.12624942	0.08079003	0	0.29878175
TCGA-B6-A40B-01A-11R-A239-07	0.05022902	0.05908416	0.0584562	0.10108393	0	0.33578562
TCGA-A8-A07I-01A-11R-A00Z-07	0.08183873	0.0985215	0.12641341	0.15886105	0.10054908	0.49478894
TCGA-AR-A252-01A-11R-A169-07	0.17791481	0.29681526	0.85812619	0.33470708	0.08289883	1.21889012
TCGA-E2-A15S-01A-11R-A115-07	0.08177796	0.03723043	0.06117325	0.01784402	0	0.10508057
TCGA-B6-A0RP-01A-21R-A084-07	0.02599818	0.11929918	0.19357925	0.13299012	0.09736965	0.42078404
TCGA-BH-A0WA-01A-11R-A109-07	0.03760825	0.16021984	0.06710115	0.15640087	0.02949186	0.49359953
TCGA-GM-A5PV-01A-11R-A28M-07	0.09759565	0.03014231	0.19328707	0.05004012	0.03532155	0.33988586
TCGA-B6-A0IE-01A-11R-A034-07	0.08925929	0.02826355	0.04155574	0	0	0.12185427
TCGA-GM-A2DO-01A-11R-A18M-07	0.923399	0.5958405	0.8615783	0.3930123	0	1.4153254
TCGA-E9-A244-01A-11R-A169-07	0.07509897	0.12856475	0.0899979	0.08187673	0.00607517	0.35206052
TCGA-BH-A18M-01A-11R-A12D-07	0.06018236	0.12377977	0.19000606	0.11578701	0.11404515	0.44375811
TCGA-C8-A12P-01A-11R-A115-07	0.26810448	0.02806982	0.25243044	0.08088783	0.06253278	0.55229213
TCGA-A8-A07P-01A-11R-A00Z-07	0.08735201	0.01625721	0.11473365	0.05046	0.10203073	0.31287888
TCGA-GM-A2DK-01A-21R-A180-07	0	0.11695506	0.15064909	0.08375579	0.1379637	0.60106969
TCGA-BH-A0EI-01A-11R-A115-07	0.01994551	0.05015143	0	0.09450044	0.12050091	0.1198033
TCGA-A1-A0SG-01A-11R-A144-07	0.1664565	0.1364725	0.11420584	0.07591363	0.09124922	0.35914743
TCGA-AN-A0FS-01A-11R-A034-07	0.07054919	0.10875436	0.18884449	0.0823695	0.05331231	0.40550431
TCGA-A2-A4RY-01A-31R-A266-07	0.07731548	0.27576385	0.19798494	0.1519458	0.06477669	0.60349957
TCGA-E9-A1NC-01A-21R-A26B-07	0.05072991	0.10620771	0.12031387	0.18415783	0	0.49704012
TCGA-D8-A3Z5-01A-41R-A24H-07	0.04512916	0.11236267	0.07477027	0.03695702	0	0.23949588
TCGA-BH-A0HL-01A-11R-A10U-07	0.01233161	0.01098558	0.02696933	0	0.01380485	0.03294459
TCGA-AO-A125-01A-11R-A10J-07	0.00341931	0.07099346	0.01613233	0	0.01794372	0.0147433
TCGA-BH-A0EB-01A-11R-A034-07	0.1293958	0.1237665	0.1864375	0.1912251	0.1316607	0.7446648
TCGA-B6-A0WS-01A-11R-A115-07	0.09656681	0.2005322	0.29856125	0.1628354	0	0.65674835
TCGA-A2-A0CP-01A-11R-A034-07	0.02935123	0.08215051	0.11303499	0.05631616	0.03845792	0.31218583
TCGA-AN-A0XT-01A-11R-A109-07	0.03083915	0.10104059	0.1211876	0.043695	0	0.2096527
TCGA-A8-A082-01A-11R-A00Z-07	0.07662304	0.01838219	0.3228304	0.09729807	0.13301482	0.43721347
TCGA-A7-A4SD-01A-11R-A266-07	0.07453064	0.2399313	0.02016121	0.22111543	0	0.58851702
TCGA-A8-A07W-01A-11R-A00Z-07	0.09123578	0.04854121	0.08563054	0.08838408	0.10999707	0.40865852
TCGA-A8-A06U-01A-11R-A00Z-07	0.02623524	0.07858985	0.14303032	0.08162402	0.07623222	0.35054095
TCGA-AR-A2LR-01A-12R-A18M-07	0.01402194	0.01459311	0.29107064	0.07791572	0.26509071	0.36835681
TCGA-BH-A0H9-01A-11R-A056-07	0.06769436	0.06148738	0.13851938	0.0323022	0.04470943	0.35322688
TCGA-E2-A2P5-01A-11R-A19W-07	0.0507106	0.0813432	0.11009951	0.02685773	0	0.19414928
TCGA-A7-A13F-01A-11R-A12P-07	0.05410187	0.07052513	0.06996639	0.04093831	0.07360089	0.35506326
TCGA-A2-A1G4-01A-11R-A13Q-07	0.055710197	0	0.146629507	0.004498338	0.715051	0
TCGA-D8-A1XM-01A-21R-A14M-07	0.09687175	0.17528848	0.29818858	0.19377932	0.20651197	0.8128751
TCGA-AR-A1AT-01A-11R-A12P-07	0.1180436	0.1560896	0.3440206	0.1818153	0.1202917	0.5842892
TCGA-A2-A0CS-01A-11R-A115-07	0.05380075	0.11172932	0.05843242	0.03290279	0	0.51941244
TCGA-B6-A0RL-01A-11R-A084-07	0.28199655	0	0.16107508	0	0.02295951	0.09634152
TCGA-A7-A13E-01B-06R-A277-07	0.1039105	0.3808995	0.3767314	0.3248646	0.2715052	0.6255192
TCGA-E9-A1N5-01A-11R-A14D-07	0.009960606	0.168025287	0.254651958	0.168429996	0.120801245	0.587755391
TCGA-AO-A0JL-01A-11R-A056-07	0	0.06167252	0	0.01702007	0	0.16149569
TCGA-BH-AB28-01A-31R-A41B-07	0.15416156	0.23666429	0.09073269	0.09754592	0.07683132	0.46083024
TCGA-A1-A0SH-01A-11R-A084-07	0.06479309	0.08488441	0.26198583	0.12659502	0.26487657	0.449347
TCGA-AR-A1AM-01A-41R-A22K-07	0.06202197	0.14750139	0.19004472	0.10964086	0.12109504	0.49326711
TCGA-BH-A1FN-01A-11R-A13Q-07	0	0.09496269	0.09679488	0.1528588	0.04985113	0.36742144
TCGA-AR-A1AU-01A-11R-A12P-07	0.02643151	0.09542183	0.15190592	0.09568252	0.03776292	0.37617784
TCGA-A2-A0T7-01A-21R-A084-07	0.06764768	0.13938463	0.22962974	0.14470129	0.14875326	0.52667706
TCGA-AN-A0AS-01A-11R-A00Z-07	0	0.08188586	0.05239833	0.09765473	0.17914523	0.44349429
TCGA-BH-A0DE-01A-11R-A115-07	0.02722927	0.12448444	0.20953534	0.19815768	0.18895771	0.67861797
TCGA-AN-A0XN-01A-21R-A109-07	0	0.08532535	0.20047867	0.26794196	0.29638904	0.79622965
TCGA-AC-A3W7-01A-11R-A22K-07	0.07204379	0.14909224	0.1117911	0.08211581	0.06452429	0.30912896
TCGA-AN-A0XW-01A-11R-A109-07	0.03711909	0.17922353	0.26139667	0.27500496	0.13878604	0.80413291
TCGA-BH-A18S-01A-11R-A12D-07	0.11274079	0	0.10736443	0.01963502	0	0.14493106
TCGA-A2-A0D0-01A-11R-A00Z-07	0.02929881	0.01263535	0.24753304	0.1329213	0	0.438601
TCGA-E2-A14V-01A-11R-A12D-07	0.09882005	0.06026349	0.16078998	0.03521819	0	0.25739136
TCGA-A2-A0T3-01A-21R-A115-07	0	0.07967371	0.11472111	0.07041071	0.10685416	0.19756384
TCGA-D8-A27I-01A-11R-A16F-07	0.05856007	0.21972125	0.30657761	0.17647583	0.12594176	0.74951273
TCGA-AR-A24T-01A-11R-A169-07	0.03146871	0.10821598	0.23469327	0.19485278	0.36895366	0.44390012
TCGA-EW-A1P6-01A-11R-A144-07	0.08659231	0.06277558	0.09621588	0.02563046	0.03730474	0.25544887
TCGA-BH-A28O-01A-11R-A22K-07	0.01415696	0.22288173	0.23119555	0.12624414	0.08411161	0.54084321
TCGA-A2-A0EV-01A-11R-A034-07	0.09410581	0.12386008	0.1994125	0.09969005	0.10873924	0.60149277
TCGA-GM-A2DL-01A-11R-A18M-07	0.05956386	0.10099863	0.13587598	0.13282306	0.11596552	0.68312584
TCGA-A7-A0CD-01A-11R-A00Z-07	0.03091831	0.0490517	0.11331611	0.0288824	0.0383619	0.15234211
TCGA-A8-A09D-01A-11R-A00Z-07	0.01724226	0.12967971	0.17764025	0.14332196	0.34370903	0.6231724
TCGA-A8-A08G-01A-11R-A00Z-07	0	0.1073065	0.02608174	0.08563991	0.07061312	0.36530499
TCGA-AQ-A0Y5-01A-11R-A14M-07	0	0.04936253	0.15735129	0.09419726	0.13711778	0.40830438
TCGA-EW-A3E8-01B-11R-A24H-07	0.1037027	0.2862977	0.1629502	0.1733765	0	0.6093224
TCGA-EW-A2FV-01A-11R-A17B-07	0.11783442	0.08994423	0.29693925	0.14855218	0.02012714	0.60162946
TCGA-E2-A15R-01A-11R-A115-07	0.045311878	0.0383047239	0	0.0007202058	0	0.0199476051
TCGA-A7-A26E-01A-11R-A169-07	0.08952111	0.0509569	0.20891924	0.13166958	0.14477368	0.37543513
TCGA-D8-A1JF-01A-11R-A13Q-07	0.11217567	0.01940783	0.18920195	0.05569889	0.16357239	0.36772696
TCGA-AO-A03R-01A-21R-A034-07	0.14700251	0.07488377	0.2892552	0.05285048	0	0.39293298
TCGA-D8-A146-01A-31R-A115-07	0.08942628	0.10944978	0.20084483	0.1618356	0.15185062	0.48744977
TCGA-D8-A27W-01A-11R-A16F-07	0.04989561	0.04999763	0.10308739	0.05042906	0.02484477	0.27629038
TCGA-A8-A07C-01A-11R-A034-07	0.09735338	0.0774694	0.16279992	0.1710917	0.13728092	0.5358193
TCGA-C8-A12K-01A-21R-A115-07	0.27319858	0.04345114	0.18709414	0.55677983	0	1.30471782
TCGA-GM-A2DD-01A-11R-A180-07	0.001537086	0.250286237	0.389719217	0.210214604	0.075928091	0.885326804
TCGA-AO-A1KT-01A-11R-A13Q-07	0	0.008941245	0.05326623	0.134381884	0.136538267	0.329361613
TCGA-D8-A1JH-01A-11R-A13Q-07	0.07258351	0.13450373	0.26123165	0.1852887	0.25697986	0.65381692
TCGA-A2-A0YD-01A-11R-A109-07	0.08666111	0.16667222	0.23376733	0.25477191	0.04460309	0.82899452
TCGA-BH-A18H-01A-11R-A12D-07	0.08325074	0.10012199	0.48947454	0.17287677	0	0.80556472
TCGA-D8-A1J9-01A-11R-A13Q-07	0.153185	0.02875496	0.2602833	0.11342568	0.15528463	0.58152571
TCGA-A1-A0SP-01A-11R-A084-07	0.0899635	0.09616883	0.05405794	0.16964699	0	0.6483792
TCGA-A2-A0CY-01A-12R-A034-07	0.09304918	0.06557213	0	0.04113189	0	0.09880842
TCGA-AO-A0J2-01A-11R-A034-07	0.01866913	0.003515885	0.325502575	0.140013255	0.004218486	0.483398068
TCGA-BH-A209-01A-11R-A157-07	0.2046538	0.2586306	0.486033	0.2946926	0	0.9393858
TCGA-A2-A0EQ-01A-11R-A034-07	0.2801608	0.1595999	0.5440802	0.2016015	0	0.8396773
TCGA-D8-A1XB-01A-11R-A14D-07	0.03342753	0.09866567	0.11096678	0.09876476	0.15156263	0.25672864
TCGA-AO-A0J7-01A-11R-A034-07	0.028216618	0.01126743	0.039610494	0	0	0.009323631
TCGA-E9-A1RH-01A-21R-A169-07	0	0.05758824	0.04225215	0.06079473	0.16394606	0.42198752
TCGA-A8-A09Q-01A-11R-A00Z-07	0.1613778	0.1036395	0.1290351	0.1064178	0.1961813	0.6123537
TCGA-EW-A1IZ-01A-11R-A13Q-07	0.2664922	0	0.9840826	0.2248192	0	1.005953
TCGA-D8-A1Y1-01A-21R-A14M-07	0.08373848	0.06315348	0.09720502	0.10500734	0.20121649	0.50397311
TCGA-OL-A5RZ-01A-11R-A28M-07	0.111653658	0.024022872	0.007809547	0	0	0.072568545
TCGA-A8-A08T-01A-21R-A00Z-07	0.10325438	0.07929489	0.05482798	0.06451064	0.02315879	0.27949522
TCGA-E9-A3Q9-01A-11R-A21T-07	0	0.05668504	0.024168242	0.033216907	0.001598266	0.169064918
TCGA-D8-A1X7-01A-11R-A14M-07	0.13625372	0.05605783	0.12430331	0.07704154	0.06869922	0.29667494
TCGA-AN-A0FT-01A-11R-A034-07	0.05062909	0.08418745	0.03229999	0.03676809	0	0.34578806
TCGA-OL-A66O-01A-11R-A31O-07	0	0	0	0	0	0
TCGA-A2-A4S1-01A-21R-A266-07	0	0.0809695	0.3474206	0.2474951	0.6919808	0.6155809
TCGA-AN-A0FJ-01A-11R-A00Z-07	0.07744629	0.14465938	0	0.16880719	0	0.43272169
TCGA-E2-A15E-01A-11R-A12D-07	0.02884374	0.10889269	0.13160446	0.05669179	0.07594752	0.23921035
TCGA-A2-A0ET-01A-31R-A034-07	0.01469626	0.09019766	0.10943683	0.08531518	0	0.1963467
TCGA-3C-AALI-01A-11R-A41B-07	0.07394116	0.18199643	0.10596012	0.09661807	0	0.40838887
TCGA-A2-A0CM-01A-31R-A034-07	0	0.31053498	0.08673091	0.34586944	0	0.7776156
TCGA-E9-A1R4-01A-21R-A14D-07	0.2036013	0.2589603	0.101538	0.211341	0.1214937	1.1627231
TCGA-EW-A1PG-01A-11R-A144-07	0.002009471	0.126704496	0.238746783	0.197463884	0.123784053	0.485164698
TCGA-A8-A06O-01A-11R-A00Z-07	0.03147159	0.07885209	0.04150778	0.04202481	0.04932099	0.30118075
TCGA-A2-A0T0-01A-22R-A084-07	0.01334895	0.06325823	0.0883654	0.12633047	0.02736038	0.42984765
TCGA-A7-A0DC-01A-11R-A00Z-07	0	0	0.01676962	0	0	0
TCGA-BH-A6R9-01A-21R-A32P-07	0	0.1100804	0.31086	0.3868705	0.4479344	0.8960404
TCGA-A2-A0CV-01A-31R-A115-07	0.06270986	0.07205808	0.25666965	0.18920421	0	0.6023175
TCGA-E2-A1IU-01A-11R-A14D-07	0.15743315	0.08373788	0.17500991	0.08584932	0	0.29180631
TCGA-OL-A66K-01A-11R-A29R-07	0	0.10749237	0.07663826	0.07703297	0	0.30903334
TCGA-LL-A7SZ-01A-32R-A352-07	0.2732276634	0.1757705567	0	0.0172743242	0.0001177903	0.3535177059
TCGA-D8-A1X8-01A-11R-A14M-07	0.06367195	0.10341229	0.2623161	0.16037928	0.16464271	0.56649372
TCGA-BH-A0H0-01A-11R-A056-07	0.026575757	0.077380896	0.104698294	0.009885523	0.015127169	0.136976112
TCGA-A8-A08O-01A-21R-A056-07	0.05371017	0.07563571	0.10724254	0.0674509	0.02348541	0.24715981
TCGA-A8-A06Q-01A-11R-A034-07	0.06998955	0	0.06941405	0	0	0.06927454
TCGA-AC-A4ZE-01A-11R-A41B-07	0.01358259	0.124277	0.09641668	0.0272646	0.06026327	0.15996876
TCGA-A2-A04V-01A-21R-A034-07	0.004820899	0.097852283	0	0.04482058	0.028104147	0.249628212
TCGA-AR-A2LH-01A-31R-A18M-07	0.23331415	0.27981893	0.35924952	0.21912988	0.01818135	1.016205
TCGA-E2-A14O-01A-31R-A115-07	0.021255661	0.001686621	0.017731842	0	0	0.052672199
TCGA-C8-A135-01A-11R-A115-07	0.09327698	0.08593959	0.24437302	0.07540052	0.11056952	0.40801181
TCGA-AN-A0AT-01A-11R-A034-07	0.08234117	0.07402821	0.08757969	0.13097436	0	0.50624365
TCGA-A8-A0A6-01A-12R-A056-07	0.14324426	0.09225471	0.38756403	0.18692633	0.02249169	0.77834
TCGA-E2-A105-01A-11R-A10J-07	0	0.037091267	0.008563058	0.015732913	0.023835229	0.125953375
TCGA-AO-A12D-01A-11R-A115-07	0.1343284	0.1683898	0.1653771	0.138312	0	0.4945563
TCGA-EW-A1OV-01A-11R-A144-07	0.3262116	0.2915984	0.7234778	0.3073159	0	1.220109
TCGA-A2-A0CQ-01A-21R-A034-07	0.09163375	0.07129178	0.08924259	0.07692234	0	0.43666488
TCGA-BH-A0HN-01A-11R-A10U-07	0.01649398	0.06525374	0	0	0.0032616	0.11933716
TCGA-C8-A8HQ-01A-11R-A36F-07	0.05297316	0.14264122	0.11348055	0.15868718	0.02783015	0.57160117
TCGA-EW-A6SA-01A-21R-A32P-07	0.015763032	0.006611783	0.013268754	0	0	0
TCGA-E2-A3DX-01A-21R-A213-07	0.1628945	0.3228622	0.5360074	0.2280232	0.1955752	0.8470518
TCGA-AC-A3TM-01A-11R-A22K-07	0.01944196	0.04775214	0.10930727	0.01001473	0	0.2252804
TCGA-D8-A27T-01A-11R-A16F-07	0.02930692	0.16339122	0.19021425	0.15783118	0.07610137	0.55346659
TCGA-BH-A0BP-01A-11R-A115-07	0.04025774	0.10200436	0.15056386	0.12593631	0.14324835	0.40832696
TCGA-A2-A4S2-01A-12R-A266-07	0.05388264	0.20097317	0.29183171	0.17860458	0.02447043	0.59491906
TCGA-B6-A0WV-01A-11R-A109-07	0.04001952	0.03262767	0.06799081	0	0	0.09673199
TCGA-AR-A1AV-01A-21R-A12P-07	0.07974681	0.11202111	0.07002602	0.07766039	0.05079401	0.35247739
TCGA-E9-A24A-01A-11R-A169-07	0.04410239	0.1281473	0.17988618	0.23396241	0.39794719	0.53757424
TCGA-AO-A1KO-01A-31R-A13Q-07	0.008593395	0.035971396	0.126736289	0.066645805	0.025041654	0.111104951
TCGA-A2-A0EU-01A-22R-A056-07	0.02433454	0.03705816	0.1109484	0.07988632	0.09506765	0.19323737
TCGA-A2-A0YE-01A-11R-A109-07	0.05062179	0.0514958	0.21559747	0.06867274	0.11797276	0.32633918
TCGA-A7-A5ZX-01A-12R-A29R-07	0.01998609	0.13435036	0.13189295	0.06858329	0.1280757	0.31105552
TCGA-C8-A1HN-01A-11R-A137-07	0.01512678	0.03127156	0.09297852	0.07400189	0.12651614	0.20778971
TCGA-BH-A18I-01A-11R-A12D-07	0.0749614	0.16804505	0.22308549	0.22707311	0.08157841	0.76703084
TCGA-E2-A154-01A-11R-A115-07	0.04966154	0.04284791	0.08603438	0.03210749	0.03312119	0.21673517
TCGA-AN-A041-01A-11R-A034-07	0.02396727	0.10616368	0.06177772	0.10334261	0	0.37815293
TCGA-3C-AAAU-01A-11R-A41B-07	0.05466288	0.09199349	0	0.01617871	0	0.1262833
TCGA-BH-A0AZ-01A-21R-A12P-07	0.02562172	0.07291697	0.22304356	0.13112576	0.13283746	0.4086959
TCGA-A1-A0SQ-01A-21R-A144-07	0.08324803	0.05379141	0.09194839	0.03148562	0.06408019	0.23670489
TCGA-A2-A0CU-01A-12R-A034-07	0	0.3141359	0.5552969	0	0	0.332406
TCGA-A7-A3J0-01A-11R-A213-07	0.10947613	0.10057118	0.05115156	0.03454681	0	0.29779116
TCGA-AC-A2FE-01A-11R-A19W-07	0	0.2667294	0.4676593	0.2814377	0	0.9481692
TCGA-B6-A0X7-01A-11R-A10J-07	0.04801582	0.10866597	0.13093646	0.0346874	0.05248101	0.24684487
TCGA-A8-A095-01A-11R-A00Z-07	0.04388857	0.11874035	0.1375092	0.07277206	0.06705843	0.37908274
TCGA-A8-A094-01A-11R-A00Z-07	0.06113732	0.01174512	0.29505871	0.23346803	0.10695687	0.703905
TCGA-A7-A13D-01B-04R-A277-07	0.0155260498	0.1501366302	0	0.08259251	0.0006497818	0.1112610358
TCGA-B6-A400-01A-11R-A239-07	0	0.1388638	0	0.1118928	0	0.9970494
TCGA-AO-A0JD-01A-11R-A056-07	0.05789652	0.02571889	0.11305931	0.05345432	0	0.27084746
TCGA-A7-A4SB-01A-21R-A266-07	0.035955007	0.090263016	0.105067711	0.008157045	0.045982633	0.154547279
TCGA-A2-A4RX-01A-11R-A266-07	0.08689842	0.30298692	0.19116082	0.20637129	0.00770229	0.67957619
TCGA-E9-A1R6-01A-11R-A14D-07	0.043806599	0.042925269	0.009560827	0.032911052	0.009607676	0.166574615
TCGA-E2-A1B6-01A-31R-A12P-07	0.4993532	0.808511	0.6241131	0.3262122	0	1.1012504
TCGA-E9-A1QZ-01A-21R-A169-07	0.12052314	0.31634983	0.44774499	0.23128934	0.03928006	0.85432513
TCGA-E2-A1LL-01A-11R-A144-07	0	0.07744741	0.19160563	0.12546254	0.04605374	0.32527258
TCGA-AO-A0J5-01A-11R-A034-07	0.03501548	0.10347254	0.09937155	0.09348091	0.16060756	0.3188854
TCGA-A8-A09K-01A-11R-A00Z-07	0.05298783	0.08749412	0.24624931	0.06772517	0.00572092	0.29762846
TCGA-BH-A0DL-01A-11R-A115-07	0	0.06121869	0.07146992	0.35015411	0	0.93341066
TCGA-AR-A24S-01A-11R-A169-07	0	0.2133438	0.2105562	0.2903081	0.4071258	1.0308643
TCGA-A7-A0DB-01A-11R-A00Z-07	0.02977931	0.09654862	0.14783597	0.05432641	0.21573674	0.48308836
TCGA-E9-A1RC-01A-11R-A157-07	0.04712732	0.04920182	0.04989316	0.01515935	0	0.14918937
TCGA-AR-A24Q-01A-12R-A169-07	0.16154595	0.07286075	0.27885665	0.18067244	0	0.72264902
TCGA-A2-A0CZ-01A-11R-A034-07	0.0447537	0.1271202	0.2163237	0.1126002	0.0610101	0.5772378
TCGA-XX-A899-01A-11R-A36F-07	0.1727264	0.4364899	0.2565468	0.2440789	0.1863879	0.8973602
TCGA-BH-A0DG-01A-21R-A12P-07	0.1686911	0.1506902	0.2435451	0.1185271	0.1715949	0.5727836
TCGA-AO-A0JJ-01A-11R-A056-07	0.0576963	0.1961537	0.3359284	0.2013508	0.1853553	0.7224013
TCGA-B6-A0RQ-01A-11R-A115-07	0.04407014	0.05932145	0.21086097	0.05597308	0.05418525	0.30113788
TCGA-AR-A1AY-01A-21R-A12P-07	0.02746649	0.19774187	0.02329151	0.14608413	0.06777191	0.41972019
TCGA-BH-A0HW-01A-11R-A034-07	0.0145435727	0.0006004755	0.0195679306	0	0	0
TCGA-C8-A1HO-01A-11R-A13Q-07	0.02484069	0.06182998	0.04675405	0.02969513	0	0.05155732
TCGA-A2-A04U-01A-11R-A115-07	0.06514972	0.02464596	0	0.01809193	0	0.14623954
TCGA-B6-A408-01A-12R-A24H-07	0.011745107	0.196954813	0.009818231	0.119286866	0.056378527	0.389658618
TCGA-AR-A1AS-01A-11R-A12P-07	0.03506256	0.05254673	0.06969631	0.05361593	0.05130656	0.26933837
TCGA-JL-A3YX-01A-11R-A22U-07	0.03600536	0.05395988	0	0	0	0.07828441
TCGA-A7-A6VX-01A-12R-A33J-07	0.03689873	0.11293023	0.02166743	0.06938491	0.04198754	0.28626545
TCGA-D8-A27R-01A-11R-A16F-07	0	0.11864629	0.09701782	0.05462488	0.11660909	0.43528797
TCGA-D8-A27E-01A-11R-A16F-07	0.03786583	0.02991723	0.09081622	0.05456644	0	0.19842684
TCGA-S3-AA12-01A-11R-A41B-07	0.03890368	0.04107926	0	0	0.01590461	0.03376788
TCGA-BH-A1EU-01A-11R-A137-07	0.1010802	0.3295542	0.5452734	0.3372699	0.3602507	1.0455408
TCGA-D8-A27P-01A-11R-A16F-07	0.09178324	0.07605412	0.1473819	0.07369573	0.01535433	0.29479499
TCGA-A2-A0YI-01A-31R-A10J-07	0.1601276	0.1603987	0.3999887	0.2511879	0.2972178	0.7928114
TCGA-E2-A10C-01A-21R-A10J-07	0.03301964	0.14071403	0.15376078	0.08789311	0.02498868	0.42631415
TCGA-E2-A1L6-01A-11R-A13Q-07	0.08209343	0.10145272	0.21886623	0.10829065	0.09292367	0.42387927
TCGA-GM-A2DA-01A-11R-A18M-07	0.0008531827	0.2354712736	0.3435943429	0.2112661679	0	0.57669241
TCGA-BH-A1FG-01A-11R-A13Q-07	0.02643455	0.01845835	0.08207254	0.0105072	0	0.13546033
TCGA-D8-A1XY-01A-11R-A14M-07	0.01486315	0.04678797	0.12444125	0.10818039	0.15857877	0.32343898
TCGA-A8-A09M-01A-11R-A00Z-07	0.087910521	0.072340022	0.144955637	0.102656315	0.002754655	0.483545495
TCGA-BH-A2L8-01A-11R-A18M-07	0.08547375	0.19874052	0.46539967	0.2187931	0.11493241	0.81266991
TCGA-AR-A2LL-01A-11R-A180-07	0.01763459	0.09493228	0.07693583	0.0684521	0.18428309	0.48027802
TCGA-BH-A0HQ-01A-11R-A034-07	0.05939405	0.08496173	0.0687666	0.04144072	0.02285196	0.31305316
TCGA-A7-A13E-01A-11R-A277-07	0	0	0	0.01203045	0	0
TCGA-AQ-A1H2-01A-11R-A13Q-07	0.04453399	0.06507067	0.10766654	0.05718643	0.06021659	0.23843104
TCGA-E9-A1N4-01A-11R-A14M-07	0.09831954	0.19270744	0.28076759	0.19178448	0.27435453	1.17843243
TCGA-E9-A1RI-01A-11R-A169-07	0.0323506	0.11849	0.180378	0.1532081	0.2226363	0.3718911
TCGA-A8-A076-01A-21R-A00Z-07	0.12680282	0.06479763	0.18905544	0.10116502	0.15800805	0.49789355
TCGA-D8-A1Y2-01A-11R-A157-07	0.01848641	0.06036413	0.33494614	0.33774815	0.34137727	1.00492057
TCGA-AQ-A1H3-01A-31R-A13Q-07	0.01916447	0.1698831	0.21643122	0.14336083	0.01559073	0.51669812
TCGA-D8-A1JB-01A-11R-A13Q-07	0.16885657	0.19474041	0.6495196	0.27809393	0.07514303	0.81240658
TCGA-AR-A0U0-01A-11R-A109-07	0	0.1607529	0.2034717	0.3040354	0	0.6335238
TCGA-BH-A0E6-01A-11R-A034-07	0.02890263	0.1376251	0	0.07120044	0	0.34287596
TCGA-EW-A6SC-01A-12R-A32P-07	0	0.01534298	0.21804268	0.27352295	0	0.62721183
TCGA-AR-A0TY-01A-12R-A115-07	0.072485061	0.096232995	0.037209287	0.005533118	0	0.218122926
TCGA-LL-A440-01A-11R-A24H-07	0	0.2865061	0.1335972	0.2527541	0.3974215	1.0820558
TCGA-AC-A5EH-01A-11R-A28M-07	0.05205603	0.05782453	0.15189485	0.13325628	0.03790612	0.5965788
TCGA-A1-A0SI-01A-11R-A144-07	0.06982077	0.1474058	0.23695157	0.20210824	0.04315954	0.66531424
TCGA-E2-A1IK-01A-11R-A144-07	0.05656583	0.03112907	0.19376489	0.0658324	0	0.27824567
TCGA-E2-A1LI-01A-12R-A157-07	0.01443768	0.19421139	0.0121562	0.21480155	0	0.39985221
TCGA-EW-A1OX-01A-11R-A144-07	0.04996401	0.01767634	0.08181967	0	0	0.14656708
TCGA-A1-A0SD-01A-11R-A115-07	0.02848843	0.11903462	0.18111018	0.14194218	0.04939052	0.41358098
TCGA-OL-A6VO-01A-12R-A33J-07	0	0.09702261	0	0.22254246	0	0.42094597
TCGA-LL-A50Y-01A-11R-A266-07	0.09769385	0.11891833	0.04461659	0.05947862	0	0.41678572
TCGA-AR-A251-01A-12R-A169-07	0.09659843	0.12952921	0.23569999	0.23613526	0.17547752	0.54030982
TCGA-BH-A1FH-01A-12R-A13Q-07	0	0.1763006	0.2426701	0.1991417	0.2328449	0.4938087
TCGA-BH-A0EE-01A-11R-A034-07	0.07991758	0.04733073	0.02603605	0.11527365	0	0.08086725
TCGA-A2-A25A-01A-12R-A16F-07	0.07190617	0.1868244	0.39710476	0.22358781	0.13913339	0.78425284
TCGA-AR-A0TX-01A-11R-A084-07	0.1921335	0.1918737	0.4066825	0.2126167	0.1534035	0.8877239
TCGA-BH-A1F6-01A-11R-A13Q-07	0	0.06592385	0.21465011	0.21405718	0.11834423	0.60831584
TCGA-AN-A04C-01A-21R-A034-07	0.12634312	0.0355019	0.10379452	0.02232399	0.06181288	0.26917657
TCGA-A7-A26H-01A-11R-A169-07	0.02771547	0.09248406	0.12718282	0.1267652	0.08227616	0.44208959
TCGA-AR-A0U4-01A-11R-A109-07	0	0.08899659	0	1.03466427	0	1.16110678
TCGA-AR-A0TU-01A-31R-A109-07	0	0.09730153	0	0.22938354	0	0.37418378
TCGA-E9-A1NI-01A-11R-A14D-07	0.02729617	0.0716749	0.02324083	0.05380321	0.01225902	0.25024713
TCGA-AO-A03M-01B-11R-A10J-07	0.08679499	0.14512486	0.27477667	0.15219712	0.04803519	0.58801574
TCGA-AR-A5QM-01A-11R-A27Q-07	0.01445533	0.13930183	0.08801567	0.14519344	0	0.58177104
TCGA-A8-A09N-01A-11R-A00Z-07	0.12297363	0.07727527	0.13477098	0.03895094	0	0.27745337
TCGA-BH-A1FL-01A-11R-A13Q-07	0.132020853	0.099841541	0.156635288	0.05038341	0.004595673	0.289044782
TCGA-A8-A07S-01A-11R-A034-07	0.06484692	0.05361521	0.10013398	0.0631755	0.07764731	0.21761702
TCGA-B6-A0IG-01A-11R-A034-07	0.03162578	0.07987478	0.02923881	0.00527698	0	0.1523486
TCGA-BH-A1EW-01A-11R-A137-07	0.01889771	0.20234839	0.26584576	0.181762	0.06875396	0.61793566
TCGA-OL-A5RU-01A-11R-A28M-07	0.1547333	0.25294	0.1812872	0.1404921	0	0.5151505
TCGA-D8-A1JM-01A-11R-A13Q-07	0	0.09124429	0.16332623	0.10350169	0	0.27977164
TCGA-AC-A3BB-01A-21R-A19W-07	0.12235437	0.23847546	0.34335367	0.16720818	0.01886527	0.88240313
TCGA-AR-A1AX-01A-11R-A12P-07	0.3338562	0.5320382	0.3579776	0.2837257	0.0147909	0.9469605
TCGA-LL-A5YN-01A-11R-A28M-07	0.2473027	0.3859417	0.2260558	0.1104252	0	0.6792875
TCGA-A7-A3IZ-01A-11R-A213-07	0.0302449075	0.0005698863	0.0793859635	0.0601478053	0.2223483189	0.0814008673
TCGA-A8-A0A9-01A-11R-A00Z-07	0.03128411	0.09786084	0.0998733	0.09489847	0	0.37863345
TCGA-BH-A0DS-01A-11R-A056-07	0.02802446	0.09713075	0.13740016	0.10837971	0.09421262	0.45470522
TCGA-A8-A085-01A-11R-A00Z-07	0.053854003	0.05664002	0.079142317	0.005254218	0	0.114012639
TCGA-AN-A0AK-01A-21R-A00Z-07	0.027005463	0.019059073	0.021878926	0.024505072	0.006416135	0.212270602
TCGA-PE-A5DE-01A-11R-A27Q-07	0.1784026	0.2750782	0.6989832	0.2834919	0	1.0558214
TCGA-AO-A03T-01A-21R-A034-07	0.04075112	0.03544667	0.12977452	0.01949377	0	0.25159858
TCGA-E2-A576-01A-11R-A31O-07	0.03347095	0.001965027	0.002673511	0	0	3.629085E-05
TCGA-BH-A1F5-01A-12R-A13Q-07	0.09389493	0.01336883	0.17576278	0.06999512	0.18873434	0.11081314
TCGA-E9-A6HE-01A-11R-A31O-07	0	0.08337348	0.0445268	0.04764125	0.02050287	0.32169301
TCGA-E2-A1IH-01A-11R-A13Q-07	0.13686907	0.09942851	0.56260084	0.27220885	0.11416228	0.97221289
TCGA-E2-A1IE-01A-11R-A13Q-07	0.11566251	0.009589438	0.079970014	0.018235237	0.011078049	0.130532902
TCGA-A2-A1G6-01A-11R-A13Q-07	0.01645272	0.09803819	0.36187483	0.14866164	0.24613725	0.49924502
TCGA-D8-A1X5-01A-11R-A14D-07	0.1784596	0.0675086	0.2156808	0.1179444	0.1749684	0.6007675
TCGA-AR-A1AN-01A-11R-A12P-07	0.02317745	0.13721063	0.10250792	0.0940491	0.06196276	0.45649042
TCGA-AC-A2B8-01A-11R-A17B-07	0.06650681	0.1869025	0.27654152	0.21820248	0.17641077	0.72996578
TCGA-E9-A2JS-01A-11R-A180-07	0.02727588	0.03961791	0.05417736	0.05814864	0.06285429	0.19283404
TCGA-BH-A0HP-01A-12R-A084-07	0.08502794	0.12451754	0.20844254	0.1091229	0.14622192	0.39854113
TCGA-AN-A0FW-01A-11R-A034-07	0.01469621	0.03387729	0.10477421	0.01222663	0.0131067	0.18863885
TCGA-BH-A0DV-01A-21R-A12P-07	0.01339753	0.11391136	0.33149216	0.16383345	0.12790396	0.70194877
TCGA-E2-A1BD-01A-11R-A12P-07	0.02802597	0.1137253	0.06670314	0.01867173	0	0.21044764
TCGA-OL-A66I-01A-21R-A29R-07	0.2064886	0.2097216	0.6703565	0.3702117	0	1.3776333
TCGA-BH-A0H7-01A-13R-A056-07	0.05286012	0.01090723	0.18162973	0.04155913	0.05709447	0.26169232
TCGA-D8-A1XV-01A-11R-A14M-07	0.02723003	0	0.02355039	0	0	0
TCGA-AN-A0AM-01A-11R-A034-07	0.02790838	0.07390398	0.02057498	0.12339603	0	0.29238373
TCGA-E2-A1LH-01A-11R-A14D-07	0.1272374	0.1689389	0.2886188	0.1873353	0	0.7448005
TCGA-AC-A2FB-01A-11R-A17B-07	0.1968538	0.2723712	0.8775586	0.3280861	0.1100422	1.221748
TCGA-B6-A0IP-01A-11R-A034-07	0.159590139	0.115721334	0.151265648	0.066968681	0.003820311	0.318592316
TCGA-AN-A0AR-01A-11R-A00Z-07	0.037373826	0.01332539	0.007728623	0.022341439	0.018794817	0.195655318
TCGA-C8-A26Y-01A-11R-A16F-07	0.09750876	0.0806649	0.05957134	0.14768644	0	0.32464288
TCGA-EW-A1PB-01A-11R-A144-07	0	0.1117941	0	0.5043972	0	1.0226955
TCGA-AR-A24P-01A-11R-A169-07	0.07880736	0.11365451	0.15202523	0.13265126	0.08990675	0.38586288
TCGA-A1-A0SM-01A-11R-A084-07	0.0886914	0.1096115	0.1526312	0.1146458	0.2250781	0.3369002
TCGA-BH-A0DD-01A-31R-A12P-07	0.05877149	0.07131647	0.12605276	0.0747831	0	0.24195956
TCGA-AC-A3YJ-01A-11R-A22U-07	0.01185041	0.06405772	0.04789804	0.05529816	0.08540544	0.3129544
TCGA-BH-A0B5-01A-11R-A12P-07	0.02364522	0.16458341	0.23621196	0.18082442	0.05269556	0.54855971
TCGA-BH-A0DZ-01A-11R-A00Z-07	0.03563848	0.03292608	0.1294508	0.16350979	0.06464095	0.52764765
TCGA-E2-A152-01A-11R-A12D-07	0.10132383	0.07706367	0.23221502	0.15278082	0.19527004	0.50467148
TCGA-A7-A26J-01A-11R-A277-07	0	0	0	0	0	0
TCGA-A2-A0EO-01A-11R-A034-07	0.03521382	0.11301078	0.20600717	0.1170388	0.2315617	0.34678822
TCGA-AO-A0JF-01A-11R-A056-07	0.1039634	0.1374378	0.3331709	0.1584366	0.2287316	0.7953921
TCGA-EW-A1OW-01A-21R-A144-07	0.09115786	0.15146183	0.08769466	0.17583224	0.04807333	0.53903479
TCGA-AO-A03O-01A-11R-A00Z-07	0	0.1037029	0.1292112	0.1144021	0	0.3538393
TCGA-E2-A107-01A-11R-A10J-07	0.0694495254	0.076685552	0.082339852	0.0003028428	0	0.1750656034
TCGA-A7-A0DC-01B-04R-A22O-07	0.0001522855	0.0339000078	0.0411887089	0	0	0
TCGA-A8-A06Y-01A-21R-A00Z-07	0.1227619	0.02557881	0.06193879	0	0	0.18765902
TCGA-A8-A08H-01A-21R-A00Z-07	0	0.2307368	0.339129	0.4315334	1.3147017	1.425576
TCGA-A7-A5ZV-01A-11R-A28M-07	0	0.08359166	0.05957097	0.01988961	0.12879819	0.51834591
TCGA-BH-A5J0-01A-11R-A27Q-07	0.1529074	0.1391642	0.1513626	0.1059157	0.1242122	0.929892
TCGA-E2-A1AZ-01A-11R-A12P-07	0	0.3482948	0.2126363	0.2517843	0.14644	0.9143306
TCGA-D8-A1XJ-01A-11R-A14M-07	0.10553123	0.03452873	0.09806748	0.04006955	0.05082517	0.30174054
TCGA-AC-A23E-01A-11R-A157-07	0.02726302	0.04646624	0.17999145	0.16908589	0.23802418	0.43037909
TCGA-AC-A2BK-01A-11R-A21T-07	0.10024485	0	0.22795825	0.06993471	0.06812023	0.37180337
TCGA-E9-A22G-01A-11R-A157-07	0.06717887	0.01014152	0	0.13204427	0	0.19488908
TCGA-AC-A6IV-01A-12R-A33J-07	0	0.3164965	0.2499549	0.2423812	0.397427	0.8891173
TCGA-E2-A10E-01A-21R-A10J-07	0.05519214	0.07273095	0.11085249	0.10302303	0	0.26231036
TCGA-A2-A0YG-01A-21R-A109-07	0.07709234	0.09204809	0.09353957	0.07290682	0.06698994	0.30050858
TCGA-C8-A12N-01A-11R-A115-07	0.10321021	0.07097936	0.08132916	0.11930497	0.0363382	0.51438671
TCGA-D8-A4Z1-01A-21R-A266-07	0.05493376	0.1849229	0.24452485	0.11395317	0.09365635	0.51177498
TCGA-AR-A0U3-01A-11R-A109-07	0.124696625	0.076179613	0.083114931	0.057981596	0.005485526	0.278754213
TCGA-GM-A2DH-01A-11R-A180-07	0.2388452	0.3189795	0.4161464	0.2518669	0	0.8735623
TCGA-A8-A0AD-01A-11R-A056-07	0.03875073	0.06205168	0.16404959	0.20434249	0.23765115	0.5233378
TCGA-BH-A0B9-01A-11R-A056-07	0.05470411	0.16620384	0.19638989	0.15184228	0	0.72693194
TCGA-C8-A12W-01A-11R-A115-07	0.09781423	0.0947203	0.02958855	0.07747227	0.05976614	0.45244046
TCGA-AC-A23C-01A-12R-A169-07	0.13305397	0.09133044	0.20360427	0.14038534	0.06432818	0.60010975
TCGA-E2-A2P6-01A-11R-A19W-07	0.07041792	0.0823583	0.06193729	0.05024138	0	0.42007883
TCGA-A8-A093-01A-11R-A00Z-07	0.03695944	0.06376429	0.03238706	0.02365644	0.01177229	0.11603905
TCGA-D8-A1JG-01B-11R-A13Q-07	0.11219011	0.12063419	0.15181179	0.18356087	0.07520801	0.57385373
TCGA-EW-A2FS-01A-11R-A17B-07	0.05560292	0.0770063	0.15940113	0.08686804	0	0.34650552
TCGA-A2-A25D-01A-12R-A16F-07	0.08461899	0.17065939	0.27603283	0.15354796	0	0.63555871
TCGA-B6-A0RG-01A-11R-A056-07	0.005328391	0.024917592	0.047769505	0.026972583	0	0.166509238
TCGA-AN-A0FN-01A-11R-A034-07	0.1275068	0.2530532	0.5663529	0.3407505	0.1774543	1.0508999
TCGA-OL-A6VQ-01A-12R-A41B-07	0.02941588	0.19666668	0.27975948	0.20189594	0	0.65559399
TCGA-E2-A15G-01A-11R-A12D-07	0.105065375	0.09414706	0.092722318	0.045897192	0.005313666	0.235112
TCGA-E9-A1NG-01A-21R-A14M-07	0.05016694	0.09658808	0.23534813	0.29245219	0.38614835	0.90276132
TCGA-EW-A2FR-01A-11R-A21T-07	0.04886797	0.10444212	0.21886644	0.17471379	0.15050738	0.61609948
TCGA-E2-A1L7-01A-11R-A144-07	0.06741776	0.16403524	0.30557467	0.19632936	0.02762054	0.65161312
TCGA-C8-A12Y-01A-11R-A12D-07	0.05507937	0.06683038	0.07291491	0.04255634	0	0.19367147
TCGA-AR-A256-01A-11R-A169-07	0.082902114	0.161627326	0.051855316	0.239445157	0.003729256	0.597013254
TCGA-BH-A0C0-01A-21R-A056-07	0.18235529	0.16099389	0.44653095	0.27125566	0.03156298	1.25292076
TCGA-A2-A3Y0-01A-11R-A239-07	0	0.06187255	0.03237769	0.16590775	0	0.59941046
TCGA-C8-A27A-01A-11R-A169-07	0.2295975	0	0.1425937	0.1018543	0.1051904	0.2246564
TCGA-A2-A0T4-01A-31R-A084-07	0.01252928	0.08178032	0.25915981	0.14917404	0.0758725	0.6177315
TCGA-A1-A0SK-01A-12R-A084-07	0.51687605	0	0	0.10718251	0	0.09828441
TCGA-OL-A5D6-01A-21R-A27Q-07	0.09012659	0.08482444	0.10485413	0.04168838	0.11608638	0.32483425
TCGA-B6-A0X4-01A-11R-A109-07	0.024167854	0	0.057497226	0.002183211	0	0.012615904
TCGA-AN-A0FF-01A-11R-A034-07	0.06182318	0.17242222	0.10062241	0.10587929	0.09954511	0.50365773
TCGA-A7-A26E-01B-06R-A277-07	0.03137385	0.07866379	0.0637231	0.12063113	0.09035655	0.18997363
TCGA-AR-A1AL-01A-21R-A12P-07	0.04002585	0.20555386	0.26241125	0.20843769	0.06973753	0.63786047
TCGA-BH-A0BV-01A-11R-A00Z-07	0.04215875	0.14258455	0.15996582	0.13752758	0.04905844	0.49462618
TCGA-E2-A1B0-01A-11R-A12P-07	0.07446714	0.05854891	0.29417891	0.15201974	0.06708699	0.59836408
TCGA-A2-A0ER-01A-21R-A034-07	0.02618529	0.01409046	0.1431095	0.05362759	0.03032389	0.26773246
TCGA-A2-A3KC-01A-11R-A213-07	0.143586	0.1910382	0.2306984	0.1135477	0.135718	0.5904462
TCGA-A7-A4SF-01A-11R-A266-07	0.15692339	0.08811399	0.16441292	0.02995521	0.04524955	0.31038884
TCGA-E9-A1N8-01A-11R-A144-07	0.0748894	0	0.07293934	0.11160447	0	0.37598245
TCGA-E2-A14Z-01A-11R-A115-07	0.06867456	0.2774882	0.20828791	0.16912748	0	0.80115449
TCGA-AR-A2LK-01A-11R-A180-07	0.03451716	0.10002645	0.03928239	0.08462865	0.1066924	0.34666482
TCGA-A2-A0SX-01A-12R-A084-07	0.05027163	0.39811906	0.3760905	0.27900571	0.11385701	0.92074216
TCGA-E9-A54X-01A-11R-A266-07	0.04195127	0	0.01241043	0	0	0
TCGA-B6-A0WZ-01A-11R-A109-07	0.071228284	0.043369517	0.131049826	0.008091342	0	0.132193748
TCGA-EW-A1OZ-01A-11R-A144-07	0	0.08131495	0	0.04816445	0.05198478	0.25286872
TCGA-E9-A1RD-01A-11R-A157-07	0.08349494	0.06565377	0.13218355	0.08544632	0.04035954	0.28097067
TCGA-A8-A09Z-01A-11R-A00Z-07	0.06742988	0.05131428	0.32351759	0.15875474	0	0.52942024
TCGA-BH-A1EY-01A-11R-A13Q-07	0.1415692	0.1784378	0.2719423	0.1793087	0.2309833	0.8106729
TCGA-W8-A86G-01A-21R-A36F-07	0.01448504	0.11939489	0.08726211	0.03783772	0.03056072	0.19781788
TCGA-AQ-A54N-01A-11R-A266-07	0	0.05903438	0	0.03589275	0	0.16758191
TCGA-D8-A1Y0-01A-11R-A14M-07	0.17083095	0.15009774	0.3622418	0.23220892	0.04540021	0.85947374
TCGA-GM-A2D9-01A-11R-A18M-07	0.06415796	0.11739442	0.03929106	0.0572416	0	0.26506886
TCGA-UL-AAZ6-01A-11R-A41B-07	0.096161161	0.026100744	0	0.004037171	0	0.151376535
TCGA-E9-A245-01A-22R-A16F-07	0.050224753	0.005072986	0.053529894	0.035684466	0.005538395	0.112643657
TCGA-BH-A0AY-01A-21R-A00Z-07	0.03165825	0.08649799	0.25935045	0.11334696	0.14823407	0.62354901
TCGA-LL-A6FR-01A-12R-A31O-07	0	0.051501461	0	0.007031089	0	0.245417821
TCGA-AO-A128-01A-11R-A10J-07	0	0.2060097	0.799441	0.7994168	0	1.6219424
TCGA-EW-A1P1-01A-31R-A14D-07	0	0.1842071	0.4372974	0.3110483	0.1532687	1.0440387
TCGA-C8-A1HE-01A-11R-A13Q-07	0.05246849	0.07877099	0.0834389	0.05037997	0.05017398	0.17172808
TCGA-AC-A62V-01A-11R-A31O-07	0.002945807	0.001979826	0	0	0	0.134907756
TCGA-E2-A14W-01A-11R-A12D-07	0.05953932	0	0.0747694	0	0	0.11225929
TCGA-A7-A6VV-01A-22R-A33J-07	0.09011071	0.2300791	0.01541581	0.17942186	0.0789974	0.72276333
TCGA-A2-A4S0-01A-21R-A266-07	0.03468025	0.05459006	0.04891548	0.03553682	0.01640994	0.16962333
TCGA-AN-A0XR-01A-11R-A109-07	0.07389791	0.07853803	0.03259489	0.02471207	0	0.20039332
TCGA-A7-A26F-01B-04R-A22O-07	0	0.152592266	0.006607527	0.166247824	0.010389434	0.26529233
TCGA-A8-A08Z-01A-21R-A00Z-07	0.03238089	0.15102046	0.1658084	0.26669954	0.43125803	0.70320033
TCGA-A2-A0CO-01A-13R-A22K-07	0.006873873	0.40712103	0.321509052	0.306451827	0	0.839491681
TCGA-B6-A0IJ-01A-11R-A034-07	0.1217839	0.2452812	0	0.2887242	0	0.8321875
TCGA-AR-A0TV-01A-21R-A084-07	0.03329866	0.12799843	0.13430683	0.13364521	0	0.50297462
TCGA-MS-A51U-01A-31R-A266-07	0.030851135	0.182486926	0.161962331	0.118127123	0.007096921	0.407639965
TCGA-A2-A0CK-01A-11R-A22K-07	0.01714104	0.09130188	0.1665475	0.06797949	0.03794152	0.39312637
TCGA-A7-A426-01A-22R-A24H-07	0.02504067	0.16623735	0.20460398	0.08079335	0.02701524	0.43299145
TCGA-E2-A108-01A-13R-A10J-07	0.03300598	0.31103889	0.77714078	0.38265793	0.28318038	1.42509838
TCGA-A1-A0SE-01A-11R-A084-07	0.08853928	0.08759509	0.17974306	0.04517622	0	0.29160042
TCGA-A2-A25E-01A-11R-A169-07	0.08018902	0.04698631	0.14286447	0.07538349	0.05314115	0.29963387
TCGA-B6-A0RV-01A-11R-A084-07	0.08494149	0.13373387	0.2209166	0.09161633	0.05043256	0.41889241
TCGA-BH-A0HB-01A-11R-A056-07	0.02577947	0.05034724	0.17841188	0.0770163	0	0.46046337
TCGA-BH-A0BL-01A-11R-A115-07	0.110416	0.2651809	0.2636002	0.3159729	0.1506034	1.0714552
TCGA-AO-A126-01A-11R-A10J-07	0.06539104	0.09911089	0.13562663	0.04432337	0.07465274	0.29930874
TCGA-BH-A0B8-01A-21R-A056-07	0.04269945	0.02734714	0.09909521	0.02748184	0	0.17247825
TCGA-D8-A1JI-01A-11R-A13Q-07	0.02408582	0.02984255	0.08968865	0.03870579	0.03851941	0.16443935
TCGA-A7-A13H-01A-11R-A22K-07	0.14981469	0.16981735	0.20215734	0.20170029	0.05995889	1.00669773
TCGA-AC-A3QP-01A-11R-A22U-07	0.02745813	0.07845116	0.13424446	0.12797881	0.16493231	0.46110343
TCGA-A8-A09E-01A-11R-A00Z-07	0.03661381	0.03275335	0.01141125	0	0	0.07714006
TCGA-A2-A4S3-01A-21R-A266-07	0.06431456	0.13644945	0.060926	0.08075069	0	0.42093189
TCGA-B6-A3ZX-01A-11R-A239-07	0.5613706	0.9181538	0.2308916	0.2844159	0	0.9682853
TCGA-AR-A24M-01A-11R-A169-07	0.1032934	0.0819893	0.1751409	0.1407208	0.1722666	0.3694602
TCGA-A2-A0CL-01A-11R-A115-07	0.2419165	0.7125327	0.584494	0.4933707	0	1.5523806
TCGA-AQ-A04J-01A-02R-A034-07	0.26771291	0.3762378	0.24693005	0.24978345	0.08771402	0.76902541
TCGA-A8-A07B-01A-11R-A00Z-07	0.04984231	0.07557475	0.10277509	0.04472788	0.18403674	0.1871898
TCGA-E2-A10B-01A-11R-A10J-07	0.07365357	0.13004023	0.12785527	0.08265433	0.06844907	0.37029728
TCGA-BH-A0DP-01A-21R-A056-07	0.04791809	0.13830174	0.24966885	0.14798899	0.14781797	0.52693552
TCGA-AN-A0FL-01A-11R-A034-07	0.1217269699	0.0289148513	0.0261733375	0.0003620206	0	0.1548260445
TCGA-A7-A13G-01B-04R-A22O-07	0.04021495	0.0935487	0.01829331	0.04466508	0	0.08880789
TCGA-BH-A18F-01A-11R-A12D-07	0.11134	0.197121	0.2253508	0.1261741	0	0.631045
TCGA-AQ-A54O-01A-11R-A266-07	0.051688833	0.089206647	0.007829748	0.010055897	0	0.279966006
TCGA-E9-A243-01A-21R-A169-07	0.2039971	0.1746937	0.5570594	0.4841147	0.2090656	1.0595754
TCGA-LL-A441-01A-11R-A24H-07	0.71491461	0.77513554	0.08368324	0.32278826	0	0.99602919
TCGA-LQ-A4E4-01A-11R-A266-07	0.02424867	0.06045282	0.0369733	0.01690152	0.0705919	0.12936659
TCGA-BH-A18G-01A-11R-A12D-07	0.01418244	0	0.05373002	0.11969584	0.10343844	0.17363267
TCGA-EW-A1OY-01A-11R-A144-07	0.029438525	0.050460489	0.002936549	0.018366509	0	0.119640943
TCGA-AR-A2LE-01A-11R-A180-07	0.08576179	0.04487339	0.25797944	0.04138906	0	0.49106774
TCGA-GM-A2DB-01A-31R-A18M-07	0.1337868	0.11546531	0.08791263	0.06630956	0	0.28024858
TCGA-A2-A0CX-01A-21R-A00Z-07	0.07748876	0.02929311	0.20813156	0.15235802	0.15502141	0.54978422
TCGA-E2-A574-01A-11R-A29R-07	0.107686264	0.042169072	0.003721207	0	0	0.177804143
TCGA-A8-A06R-01A-11R-A00Z-07	0.02868418	0.07812877	0.07183929	0.13529592	0.05140924	0.38370451
TCGA-BH-A0AW-01A-11R-A056-07	0.17573895	0.15142292	0.4300135	0.16597926	0.07904515	0.90309385
TCGA-BH-A0DX-01A-11R-A115-07	0.0001426802	0.1539778075	0.2331771905	0.1545476274	0.2851566034	0.8636334996
TCGA-C8-A274-01A-11R-A16F-07	0.08470181	0.08546841	0.10684322	0.06273787	0	0.24928487
TCGA-S3-AA0Z-01A-11R-A41B-07	0.03735136	0.1148617	0.14888686	0.19084524	0.11970643	0.56218121
TCGA-BH-A1ES-01A-11R-A137-07	0.07248824	0.02461982	0.15904572	0.09068312	0.1227261	0.19643287
TCGA-D8-A1XO-01A-11R-A14M-07	0.03637874	0.07665158	0.26477792	0.20066457	0.0815435	0.71968267
TCGA-E9-A54Y-01A-11R-A466-07	0.02799802	0	0	0	0	0
TCGA-AR-A24V-01A-21R-A169-07	0	0.02765472	0.16515237	0.24193036	0.29579694	0.53515458
TCGA-AR-A1AR-01A-31R-A137-07	0	0.1778278	0.3954701	0.3231494	0.4322859	1.2083609
TCGA-E9-A247-01A-11R-A169-07	0.03819693	0.05601349	0.02678208	0.0145356	0	0.0796875
TCGA-C8-A3M7-01A-12R-A21T-07	0.03941176	0.18221696	0.2598776	0.10111	0.14612002	0.43668579
TCGA-E2-A15J-01A-11R-A12P-07	0.038221911	0.058146909	0.009127762	0.043363435	0	0.120393212
TCGA-A8-A0AB-01A-11R-A034-07	0.02956406	0.09586775	0.09778059	0.02172887	0.04094791	0.11750693
TCGA-BH-A1FD-01A-11R-A13Q-07	0.04230348	0.04187484	0.09890608	0.14048175	0.02953028	0.42411074
TCGA-C8-A8HP-01A-11R-A36F-07	0.1624366	0.1374934	0.1160646	0.1027222	0	0.7160724
TCGA-AN-A0FK-01A-11R-A034-07	0.04935549	0.03957302	0.04024478	0	0	0.10843687
TCGA-AC-A5XS-01A-11R-A29R-07	0.04751172	0.12457975	0.18514317	0.15233434	0.15853958	0.62467461
TCGA-LL-A8F5-01A-11R-A36F-07	0.06619437	0.05860954	0	0.01815798	0	0.29499261
TCGA-OK-A5Q2-01A-11R-A27Q-07	0.1342098	0.3122699	0.1945534	0.1341494	0	0.5396201
TCGA-B6-A0RM-01A-11R-A084-07	0.0271723725	0.0649568944	0.0280349018	0.0004129364	0.047445981	0.0584289497
TCGA-A8-A083-01A-21R-A00Z-07	0.04665492	0.01750836	0.11874324	0.03319153	0	0.11985035
TCGA-B6-A401-01A-11R-A239-07	0.05647914	0.21542703	0.05082107	0.06931309	0	0.47749209
TCGA-BH-A42V-01A-11R-A24H-07	0.019461117	0.220847992	0.113061786	0.080925121	0.009111018	0.47576675
TCGA-A8-A08F-01A-11R-A00Z-07	0.01738068	0.0984167	0.13148823	0.21684577	0.09840473	0.6990373
TCGA-A2-A1FZ-01A-51R-A14D-07	0.08468661	0.12558631	0.24186593	0.15381726	0.31052612	0.64106801
TCGA-A2-A1G0-01A-11R-A13Q-07	0.06304449	0.13653706	0.2322531	0.15170027	0.06699693	0.48878076
TCGA-AO-A0JI-01A-21R-A056-07	0.058843596	0.083299376	0.044985983	0.008073975	0	0.055813106
TCGA-BH-A18P-01A-11R-A12D-07	0.16788339	0.06211609	0.23947123	0.10714298	0	0.43887043
TCGA-E9-A1ND-01A-11R-A144-07	0	0.08184888	0.22975392	0.36880919	0.11539554	0.88639096
TCGA-EW-A423-01A-11R-A24H-07	0.10631196	0.15892952	0.07738442	0.03728719	0.02973092	0.43043969
TCGA-AO-A03U-01B-21R-A10J-07	0.02965424	0	0.62773125	0.37585569	0.31306261	0.8953124
TCGA-LL-A6FQ-01A-11R-A31O-07	0	0.009148958	0	0	0	0.104532012
TCGA-E2-A1IG-01A-11R-A144-07	0	0.05710891	0.08789783	0.11947748	0.07774022	0.36274707
TCGA-D8-A1JP-01A-11R-A13Q-07	0.0257167	0.08717181	0.19613867	0.15052242	0.22348972	0.47001352
TCGA-D8-A1XT-01A-11R-A14M-07	0.01328741	0.13013433	0.12511905	0.23856267	0.27207584	0.60107983
TCGA-A8-A075-01A-11R-A084-07	0.09557919	0.12106314	0.09489048	0.10802987	0.04230115	0.53702945
TCGA-AO-A0JG-01A-31R-A084-07	0.13851118	0.20196731	0.46978731	0.16388291	0.07937567	0.63733028
TCGA-B6-A0I5-01A-11R-A034-07	0.053053934	0.087199166	0.010917627	0.006175651	0	0.206224861
TCGA-A7-A13E-01A-11R-A12P-07	0	0.07354099	0.12180179	0.0588066	0	0.32619963
TCGA-B6-A0RI-01A-11R-A056-07	0.0666356	0.07649897	0.11099125	0.11009517	0.076118	0.45427618
TCGA-BH-A0C1-01B-11R-A12D-07	0.06127665	0.15953872	0.31527949	0.14253254	0.05993373	0.51710574
TCGA-D8-A1JC-01A-11R-A13Q-07	0.07939415	0.06806555	0.24295453	0.12120133	0.10497489	0.5450969
TCGA-BH-A1FJ-01A-11R-A13Q-07	0.04899386	0.06438567	0.07256772	0.02417642	0.09366609	0.10182929
TCGA-PE-A5DC-01A-12R-A27Q-07	0.07278656	0.09033073	0.05585188	0.0243413	0	0.17218195
TCGA-A2-A0YK-01A-22R-A109-07	0.2435927	0.3811238	0.6551924	0.3300572	0.1042469	1.1008204
TCGA-B6-A0RN-01A-12R-A084-07	0.05388516	0.06804376	0.08141772	0.05672241	0	0.17902488
TCGA-A7-A6VY-01A-12R-A33J-07	0.18923175	0.06420555	0.0533915	0.15505136	0	0.87995246
TCGA-BH-A0RX-01A-21R-A084-07	0	0.02823999	0.50515101	0.27538778	0	0.93721422
TCGA-A2-A0YT-01A-11R-A109-07	9.932047E-05	0.06647733	0.09166494	0.04993394	0.01075888	0.3390051
TCGA-A2-A1FW-01A-11R-A13Q-07	0.002757018	0.032102926	0.181493773	0.082422149	0.260903332	0.210539971
TCGA-A1-A0SJ-01A-11R-A084-07	0.03855677	0.08051121	0.20186036	0.07587044	0.13464833	0.33341852
TCGA-A2-A04T-01A-21R-A034-07	0.09274189	0.10595423	0.16166314	0.15519152	0	0.53487998
TCGA-E2-A15A-01A-11R-A12D-07	0.07495241	0.1034955	0.18483374	0.11754321	0.04230356	0.45993056
TCGA-B6-A0IK-01A-12R-A056-07	0.0985683	0.08373117	0.13795802	0.05561946	0.01490456	0.43520325
TCGA-BH-A0E9-01B-11R-A115-07	0.05589159	0.17270232	0.29359085	0.11128887	0.07895042	0.50914658
TCGA-A7-A4SA-01A-11R-A266-07	0.009871626	0.293080651	0.266959504	0.235695835	0.077442054	0.716228702
TCGA-E2-A573-01A-11R-A29R-07	0.005281132	0.215050655	0.142912295	0.273774837	0	0.603851839
TCGA-D8-A27L-01A-11R-A16F-07	0.175892	0.1682494	0.2215669	0.1793104	0.1294277	0.7583982
TCGA-D8-A1JL-01A-11R-A13Q-07	0	0.2867778	0.1654354	0.3910803	0	1.256715
TCGA-AR-A2LJ-01A-12R-A19W-07	0.004601059	0.15518904	0.119820321	0.075564876	0.201098712	0.78434807
TCGA-A8-A08P-01A-11R-A00Z-07	0.001390367	0.197867051	0.187483254	0.232685102	0.137136637	0.880773433
TCGA-A1-A0SF-01A-11R-A144-07	0.10693257	0.136978	0.35972312	0.0667382	0.03610086	0.46437137
TCGA-B6-A0X0-01A-21R-A115-07	0.063877608	0.077386946	0.055527895	0.007945971	0	0.104859656
TCGA-AO-A0JM-01A-21R-A056-07	0.02189356	0.06964672	0.12006209	0.12932919	0	0.42186583
TCGA-A7-A0CE-01A-11R-A00Z-07	0	0.04262413	0.14948871	0.14870498	0	0.28798104
TCGA-WT-AB44-01A-11R-A41B-07	0.02325887	0.16198523	0.05324972	0.05056746	0.03584852	0.34274013
TCGA-LL-A740-01A-21R-A32P-07	0.01993618	0.08812859	0.1404417	0.10049452	0.10471723	0.48928289
TCGA-BH-A5IZ-01A-11R-A27Q-07	0	0.01152478	0.20167083	0.17076476	0	0.35671664
TCGA-A7-A0D9-01A-31R-A056-07	0.061209129	0.018473982	0.183844184	0.019337751	0.001119327	0.40861927
TCGA-AR-A24H-01A-11R-A169-07	0.01820164	0.10851862	0.14148627	0.12047772	0.097424	0.35211657
TCGA-D8-A1XW-01A-11R-A14M-07	0.05441036	0.28207837	0.19691528	0.29337299	0.33532748	1.04959752
TCGA-AQ-A7U7-01A-22R-A352-07	0.1744492	0.4759558	0.5445503	0.372751	0.0319847	1.1789155
TCGA-PL-A8LX-01A-11R-A41B-07	0	0.08382536	0	0.03040253	0.21537023	0.13955625
TCGA-GM-A3NW-01A-21R-A22K-07	0.008905589	0.028946939	0.137234735	0.073465435	0.233862265	0.209832492
TCGA-E9-A2JT-01A-22R-A18M-07	1.6814223	1.1673309	0.8361573	0.6021744	0	1.7726922
TCGA-V7-A7HQ-01A-11R-A33J-07	0.02787405	0.02153549	0	0	0	0.12783853
TCGA-D8-A73U-01A-11R-A33J-07	0.1980712	0.2825544	0.5201008	0.3240152	0.0822626	1.3168042
TCGA-AO-A0JE-01A-11R-A056-07	0.15321685	0.08823661	0.25999249	0.18814412	0	0.86610765
TCGA-E9-A5FL-01A-11R-A27Q-07	0	0.067234959	0	0.008321449	0	0.933483404
TCGA-A2-A259-01A-11R-A16F-07	0.05153589	0.18495139	0.13458065	0.20262568	0	0.56178307
TCGA-A8-A08R-01A-11R-A034-07	0.05384207	0.14909627	0.20659098	0.23424705	0.09195729	0.84571543
TCGA-BH-A18Q-01A-12R-A12D-07	0.1016725	0.2008098	0.1884046	0.1890455	0	0.6628402
TCGA-BH-A8G0-01A-11R-A352-07	0.2053521	0.3195947	0.2321777	0.2007753	0.3124527	0.8602665
TCGA-AR-A2LN-01A-21R-A18M-07	0.02604301	0.20922561	0.26564721	0.24257475	0.06447354	0.64818084
TCGA-D8-A1XR-01A-11R-A14M-07	0.05184085	0.0621108	0.05288014	0.05245611	0.08984564	0.17751145
TCGA-AC-A7VC-01A-11R-A352-07	0.05986931	0.10048685	0.05682034	0.07601864	0.09741236	0.39785866
TCGA-GM-A2DC-01A-11R-A18M-07	0.024462547	0.070162917	0.027810964	0.002836579	0	0.126299708
TCGA-B6-A0WW-01A-11R-A109-07	0.01867277	0.02896935	0.04437941	0.05793776	0.01998155	0.16814602
TCGA-EW-A1IY-01A-11R-A13Q-07	0.13022986	0.16016181	0.58958625	0.32854826	0.09568224	0.97442815
TCGA-A2-A0D3-01A-11R-A115-07	0.11596353	0.08781923	0.16519722	0.05497913	0	0.26011472
TCGA-AR-A24N-01A-11R-A169-07	0.05887532	0.09889678	0.04288549	0.07563332	0	0.20538933
TCGA-A7-A26J-01A-11R-A169-07	0.0379924	0.1089348	0.1204304	0.1550475	0.1138553	0.357437
TCGA-GM-A2DI-01A-31R-A18M-07	0.2151687	0.4437987	0.97474315	0.40404354	0.08773061	1.51917765
TCGA-A8-A09A-01A-11R-A00Z-07	0.03410783	0.11111448	0.21676221	0.1220577	0.12000399	0.39509717
TCGA-E2-A15F-01A-11R-A115-07	0.049853664	0.083136232	0.105567982	0.089660703	0.007620518	0.369807552
TCGA-BH-A201-01A-11R-A14M-07	0.05055391	0.08996871	0.19369653	0.14074154	0.21254119	0.38245338
TCGA-A8-A097-01A-11R-A034-07	0.05676447	0.07224601	0.13982572	0.14102746	0.13583069	0.46494392
TCGA-AC-A2FO-01A-11R-A180-07	0.07615727	0.27625002	0.40445119	0.20981017	0.17064139	0.71437081
TCGA-BH-A18T-01A-11R-A12D-07	0.02662559	0.12504102	0	0.13367564	0	0.49386134
TCGA-C8-A12Z-01A-11R-A115-07	0.10856499	0.02399261	0.0341811	0.02283429	0	0.08464604
TCGA-AR-A1AW-01A-21R-A12P-07	0.4979294	0.4147982	0.5895965	0.4002332	0	1.2665589
TCGA-D8-A145-01A-11R-A115-07	0.11523402	0.14892149	0.14718527	0.08423856	0.11894644	0.35604131
TCGA-BH-A0HX-01A-21R-A056-07	0.02753916	0.0796399	0.104308	0.07195777	0.03284676	0.28343519
TCGA-A2-A0EX-01A-21R-A034-07	0.09183364	0.08436504	0.10703816	0.04179825	0.04481031	0.32050812
TCGA-D8-A73W-01A-22R-A352-07	0	0.15819243	0	0.15073499	0.01759913	0.3876439
TCGA-BH-A208-01A-11R-A157-07	0.09929145	0.05345641	0.28678796	0.11765836	0.20503276	0.53816557
TCGA-BH-A0DH-01A-11R-A084-07	0.120531506	0.047019142	0.09002569	0.023805191	0.009984994	0.246714863
TCGA-B6-A0IM-01A-11R-A034-07	0.04249105	0.05668625	0.0811505	0.09385866	0.04535239	0.23654547
TCGA-C8-A132-01A-31R-A115-07	0.065684896	0.025992958	0.736142527	0.17938468	0.004516338	0.777788919
TCGA-A7-A4SE-01A-11R-A266-07	0	0.16797128	0.04908758	0.19724351	0	0.5660493
TCGA-E2-A14X-01A-11R-A115-07	0.1785476	0.177739	0.1565252	0.1244996	0	0.3790328
TCGA-A8-A09B-01A-11R-A00Z-07	0.03366158	0.07580217	0.07229683	0.04738204	0.02985681	0.21853006
TCGA-AR-A5QQ-01A-11R-A28M-07	0	0.06618015	0.34853042	0.3239807	0	0.84849821
TCGA-AO-A03N-01B-11R-A10J-07	0.10719319	0.07955889	0.09471987	0.04772475	0.03154562	0.2492617
TCGA-AC-A2FG-01A-11R-A17B-07	0.06312181	0.09933405	0.1516676	0.06908069	0.01185244	0.37277134
TCGA-OL-A5RV-01A-12R-A28M-07	0.07037613	0.16764677	0.12005821	0.07731897	0.0453274	0.31382799
TCGA-LD-A66U-01A-11R-A31O-07	0.0511189	0.14817815	0.16371496	0.07243947	0	0.40087956
TCGA-BH-A18K-01A-11R-A12D-07	0.04825899	0.10600684	0.09562821	0.07477904	0.05282555	0.36049302
TCGA-D8-A1X6-01A-11R-A14M-07	0.01178769	0.07172484	0.11417773	0.13937742	0.23527699	0.38092545
TCGA-C8-A12O-01A-11R-A115-07	0.03938922	0.09819665	0.13179781	0.14224109	0.19691785	0.45134627
TCGA-AR-A1AH-01A-11R-A12D-07	0	0.06283216	0.08393113	0.13151028	0.16908953	0.16486468
TCGA-BH-A0B7-01A-12R-A115-07	0.13660091	0.22350456	0.42346496	0.21326789	0.07718257	0.79627347
TCGA-A2-A0CW-01A-21R-A115-07	0.14998643	0.12046315	0.05279292	0.05285758	0	0.41399829
TCGA-B6-A0WT-01A-11R-A109-07	0.12207129	0.07992914	0.11411928	0.0850966	0.04041278	0.31407015
TCGA-E9-A1RE-01A-11R-A157-07	0.03662347	0.03492152	0.04389183	0.0029069	0	0.06564532
TCGA-BH-A6R8-01A-21R-A33J-07	0	0.06194867	0	0.06581837	0	0.31369467
TCGA-BH-A1FE-01A-11R-A13Q-07	0.09863155	0.26483488	0.53167714	0.25946149	0.09702278	0.79662668
TCGA-A8-A07E-01A-11R-A034-07	0.08326893	0.13118467	0.36772852	0.15139407	0.12550389	0.74966626
TCGA-AC-A2FK-01A-12R-A180-07	0.05743171	0.20870039	0.33110043	0.19329345	0.16013301	0.58054814
TCGA-BH-A0HF-01A-11R-A056-07	0.04738696	0.08047122	0.16632794	0.13185608	0.09478623	0.53669684
TCGA-A8-A08S-01A-11R-A034-07	0.03335385	0.072764878	0.063371949	0.062303589	0.005902567	0.218598139
TCGA-AC-A2QH-01B-04R-A22O-07	0	0.07835651	0.06852428	0.06611141	0.03425429	0.07688702
TCGA-BH-A0DT-01A-21R-A12D-07	0.0870083	0.1641054	0.2434052	0.1219087	0	0.5736584
TCGA-A8-A084-01A-21R-A00Z-07	0.04242029	0.07004618	0.08560007	0.07682347	0	0.21068232
TCGA-LL-A442-01A-11R-A24H-07	0.09234217	0.05895155	0.07921973	0.11694091	0.30500109	0.27712316
TCGA-C8-A278-01A-11R-A169-07	0.18609025	0.05058942	0.20584587	0.15278494	0.11434168	0.70484646
TCGA-E2-A15M-01A-11R-A12D-07	0.05830823	0.39475963	0.5418466	0.3366271	0.32495383	1.05853766
TCGA-BH-A0W7-01A-11R-A115-07	0.08214526	0.153218	0.3599445	0.20601881	0.01506589	0.69235269
TCGA-A8-A0A7-01A-11R-A00Z-07	0.2395934	0.1511467	0.6859532	0.2456721	0.1100943	1.0313036
TCGA-C8-A1HG-01A-11R-A137-07	0.11267007	0.01043363	0.28070266	0.08747796	0	0.51931979
TCGA-A2-A0SU-01A-11R-A084-07	0.04624523	0.08284778	0.16177003	0.05823517	0.03153652	0.36303486
TCGA-AC-A62X-01A-11R-A29R-07	0	0.04010886	0	0.19731921	0	0.13371276
TCGA-B6-A0IQ-01A-11R-A034-07	0	0.044709818	0.003418629	0.181540809	0	0.113070943
TCGA-A2-A0CR-01A-11R-A22K-07	0.1377336	0.3767921	0.6101708	0.1925306	0	0.9386355
TCGA-A2-A0EW-01A-21R-A115-07	0.09071216	0.18605095	0.41349666	0.19256207	0.2510654	0.70890529
TCGA-C8-A1HF-01A-11R-A137-07	0.05184618	0.04277091	0.31144487	0.18156068	0.06765188	0.53935358
TCGA-E9-A5UP-01A-11R-A28M-07	0	0.04102659	0	0.05893819	0	0.16340752
TCGA-A8-A081-01A-11R-A00Z-07	0.05491196	0.06316754	0.29371952	0.15211766	0	0.54598287
TCGA-E9-A1NF-01A-11R-A14D-07	0.01922634	0.08460094	0.17420188	0.12629497	0.22814252	0.41538243
TCGA-D8-A27M-01A-11R-A16F-07	0.1891264	0.4439666	0.0361312	0.4097065	0	1.1386027
TCGA-BH-A0BQ-01A-21R-A115-07	0	0.1455177	0.1879195	0.1163221	0	0.5783049
TCGA-E2-A150-01A-11R-A12D-07	0.002486883	0.319744359	0.238800145	0.172174791	0.157592289	0.784139703
TCGA-D8-A1XF-01A-11R-A14D-07	0.103467791	0.035400924	0.070299273	0.001320446	0	0.188722952
TCGA-AO-A12C-01A-11R-A10J-07	0.02394176	0.08053866	0.05674436	0.06909751	0.09817826	0.19046827
TCGA-AC-A6NO-01A-12R-A33J-07	0.09142174	0.09178106	0	0.01812519	0	0.17459472
TCGA-AR-A5QN-01A-12R-A28M-07	0.07335602	0.12108374	0.12086799	0.13578166	0.07988528	0.40917282
TCGA-C8-A12V-01A-11R-A115-07	0.086293857	0.291071779	0.761965817	0.521055691	0.004541199	1.473818114
TCGA-D8-A141-01A-11R-A115-07	0.07982706	0.3619621	0.43669385	0.29746714	0.1119766	1.01428917
TCGA-AR-A1AK-01A-21R-A12P-07	0.0307356	0.2066911	0.364701	0.2827921	0.1825614	0.9316695
TCGA-AC-A3QQ-01B-06R-A22O-07	0.065508192	0.205232726	0.138554669	0.12239483	0.003432866	0.294711738
TCGA-A2-A0D2-01A-21R-A034-07	0.04784243	0.13900007	0.20006226	0.1755137	0.08008862	0.56633491
TCGA-D8-A1JS-01A-11R-A13Q-07	0.02040864	0.02076954	0.01305992	0	0	0
TCGA-BH-A1F2-01A-31R-A13Q-07	0.05250525	0.08037557	0.22333252	0.20864648	0.20976878	0.46289531
TCGA-D8-A1J8-01A-11R-A13Q-07	0	0	0.52630221	0.38421213	0.09298786	0.97522666
TCGA-BH-A0B4-01A-11R-A00Z-07	0.05810339	0.09799411	0.15425767	0.07389325	0.02227696	0.51334711
TCGA-LL-A5YP-01A-21R-A28M-07	0.02814702	0.1609239	0.05580437	0.18327278	0.08288172	0.66582844
TCGA-A8-A0A1-01A-11R-A00Z-07	0.0657069	0.1602248	0.2647498	0.3340854	0.1938206	1.0717347
TCGA-E9-A1RB-01A-11R-A157-07	0.07386322	0.06373863	0.01603115	0.07529709	0.05797969	0.26168296
TCGA-AR-A0TS-01A-11R-A115-07	0.4286927	0.7253729	0.2871891	0.2961147	0.1669403	1.0152927
TCGA-3C-AALK-01A-11R-A41B-07	0.06518139	0.10999258	0.08729964	0.08688528	0.04122906	0.35458064
TCGA-3C-AALJ-01A-31R-A41B-07	0.06633549	0.19112368	0.086201	0.07568775	0	0.45817981
TCGA-A7-A26I-01B-06R-A22O-07	0	0.14337056	0.03146965	0.09484397	0.13603158	0.31020326
TCGA-BH-A0BC-01A-22R-A084-07	0.1184433	0.165649	0.2197807	0.1768434	0.2036273	0.6893071
TCGA-A2-A0EN-01A-13R-A084-07	0.11916157	0.2758566	0.32647311	0.2352507	0.09249392	0.92954629
TCGA-EW-A1P7-01A-21R-A144-07	0.6057311	0.6101154	0.3430526	0.3933707	0	1.2458059
TCGA-A7-A13D-01A-13R-A277-07	0.01974725	0.02192587	0	0.02833202	0	0.02059377
TCGA-A8-A08X-01A-21R-A00Z-07	0.14169347	0.10246815	0.06910784	0.03720344	0	0.39285583
TCGA-EW-A1PC-01B-11R-A21T-07	0.0178679	0.07897741	0	0.01753199	0	0.17574006
TCGA-BH-A0HU-01A-11R-A034-07	0.09293977	0.03438698	0.09567576	0.01035332	0	0.22073942
TCGA-E2-A1LG-01A-21R-A14M-07	0.06938058	0.00894285	0.28838863	0.12397743	0	0.39636623
TCGA-A2-A04W-01A-31R-A115-07	0.15284917	0.01683501	0.2171217	0.08474788	0	0.46430946
TCGA-A2-A25F-01A-11R-A169-07	0.1775735	0.6674313	1.0152739	0.7193582	0.1866477	2.6014566
TCGA-AN-A0XU-01A-11R-A109-07	0.01559081	0.08720062	0.26684059	0.15524536	0.11357394	0.52851405
TCGA-D8-A27H-01A-11R-A16F-07	0.10178245	0.22908537	0.09848276	0.14647982	0.07986151	0.57389007
TCGA-B6-A1KC-01B-11R-A157-07	0	0.01671705	0.10379645	0.0308878	0.13283627	0.14003498
TCGA-E9-A22E-01A-11R-A157-07	0.003461979	0.108748062	0.262237964	0.170076685	0.184044091	0.534036502
TCGA-BH-A1FU-01A-11R-A14D-07	0.1295799	0.2083285	0.2919116	0.1773369	0.1212017	0.6141971
TCGA-A8-A07R-01A-21R-A034-07	0.05332987	0.07863281	0	0.06138831	0.04204268	0.30545405
TCGA-A2-A0T6-01A-11R-A084-07	0.09707558	0.18991196	0.39033429	0.28359152	0.20600009	0.8013799
TCGA-BH-A0GZ-01A-11R-A056-07	0.066536221	0.061816822	0.065524308	0.06119264	0.003867222	0.259748327
TCGA-E2-A572-01A-13R-A31O-07	0.01500853	0.01340666	0.01406455	0	0	0
TCGA-E9-A1RA-01A-11R-A14D-07	0.085579574	0.128988277	0.073790575	0.081282829	0.009275606	0.342086889
TCGA-BH-A204-01A-11R-A157-07	0.03352218	0.0015965	0.08932996	0.05471235	0.06995199	0.16862591
TCGA-D8-A1JE-01A-11R-A13Q-07	0	0.02408644	0.26794816	0.17822819	0.24916178	0.47999334
TCGA-AR-A24X-01A-11R-A169-07	0.06547533	0.12088075	0.18754232	0.11438181	0.0181015	0.31880738
TCGA-E9-A228-01A-31R-A157-07	0.09453295	0.04153858	0.10694522	0.04905958	0.20420186	0.33694802
TCGA-AR-A1AJ-01A-21R-A12P-07	0	0.4751391	0.3267014	0.4926969	0.171411	1.6278073
TCGA-LL-A9Q3-01A-11R-A41B-07	0.05986114	0.03788131	0.04242809	0.02719999	0.03431022	0.27711423
TCGA-A2-A04P-01A-31R-A034-07	0.1125262	0.1640692	0	0.1141075	0	0.3348933
TCGA-E2-A15C-01A-31R-A12D-07	0.10719377	0.10646159	0.14652944	0.08516088	0.02687056	0.27899337
TCGA-E2-A15K-01A-11R-A12P-07	0.07021918	0.20303582	0.22181105	0.12137073	0	0.54943805
TCGA-AO-A124-01A-11R-A10J-07	0.06812356	0.15030622	0.01474729	0.16709252	0.0131146	0.3169693
TCGA-A8-A091-01A-11R-A00Z-07	0.02043446	0.09005799	0.10088221	0.05886196	0.14931092	0.19693341
TCGA-EW-A1J5-01A-11R-A13Q-07	0.04887208	0.28774972	0.26209092	0.26384994	0.14528211	0.72006741
TCGA-S3-AA10-01A-21R-A41B-07	0	0.3406049	0	0.3866103	0	0.6281749
TCGA-E9-A1RG-01A-11R-A14D-07	0.032568105	0.062438451	0	0.002409779	0	0.292946027
TCGA-AC-A5XU-01A-11R-A28M-07	0.03891776	0.0812159	0.0170308	0.02690393	0.05679048	0.21723971
TCGA-BH-A0HO-01A-11R-A034-07	0.0227242	0.0808611	0.1016841	0.12482493	0.03927951	0.45513229
TCGA-A2-A0T5-01A-21R-A084-07	0.0479195	0.08336298	0.07562105	0.06251483	0	0.27102614
TCGA-BH-A0HA-01A-11R-A12P-07	0.07796264	0.1352298	0.20489966	0.11142057	0.02542631	0.55072451
TCGA-A7-A0DA-01A-31R-A115-07	0	0.1420674	0.07792772	0.14334227	0.05030942	0.43926312
TCGA-D8-A27K-01A-11R-A16F-07	0.11577223	0.18203771	0.24683879	0.16484585	0.09360172	0.52004276
TCGA-C8-A12L-01A-11R-A115-07	0.05270199	0.05590504	0.10847196	0.14617649	0.03276544	0.39922859
TCGA-AN-A0G0-01A-11R-A034-07	0.087274389	0.004643538	0.098419262	0.070624845	0.217421572	0.240422145
TCGA-A8-A06P-01A-11R-A00Z-07	0.11265378	0.07717209	0.13892763	0.08246534	0.12865698	0.50371773
TCGA-AC-A8OQ-01A-11R-A41B-07	0.123571	0.2435544	0	0.1198687	0	0.4676362
TCGA-A2-A1FV-01A-11R-A13Q-07	0.01514388	0.02609951	0.12539651	0.06122537	0.11739227	0.10842418
TCGA-AR-A24K-01A-11R-A169-07	0.089154125	0.01582453	0.048164521	0.002911816	0	0.071063084
TCGA-BH-A0DK-01A-21R-A056-07	0.09213535	0.23460154	0.36366194	0.19896346	0.01535	0.70011807
TCGA-BH-A0E7-01A-11R-A034-07	0.10778374	0.05829793	0.117156	0.04480905	0.03459577	0.18762247
TCGA-JL-A3YW-01A-12R-A239-07	0	0.1187555	0.1889442	0.2578819	0.1227163	0.8318008
TCGA-AO-A12H-01A-11R-A115-07	0.03903286	0.03457172	0.0588744	0.04080678	0.02824481	0.16604444
TCGA-B6-A0WX-01A-11R-A109-07	0.09226473	0.22258292	0.15647279	0.12189026	0.12593031	0.46483874
TCGA-BH-A203-01A-12R-A169-07	0.08841444	0.07126306	0.16048465	0.11416078	0.08939464	0.49507649
TCGA-D8-A27V-01A-12R-A17B-07	0.04853248	0.09807583	0.20411736	0.07013193	0.02998115	0.36633249
TCGA-BH-A42T-01A-11R-A24H-07	0.08846527	0.02979051	0.01969763	0.12581889	0	0.45494262
TCGA-E2-A1IN-01A-11R-A13Q-07	0.03589208	0.03096676	0.11807339	0.08284646	0.14660768	0.26812248
TCGA-A8-A07F-01A-11R-A00Z-07	0.110353	0.1189041	0.1570808	0.1291829	0.118651	0.5134801
TCGA-BH-A0B2-01A-11R-A10J-07	0.05557757	0.27914977	0.24249572	0.19498961	0.21060763	0.73197344
TCGA-A7-A26G-01A-21R-A169-07	0.1543397	0.1036504	0.4130353	0.2481905	0.2872441	0.7390238
TCGA-E2-A1IJ-01A-11R-A144-07	0.00128115	0.21128138	0.25563635	0.21064931	0.13609282	0.6206101
TCGA-BH-A0HK-01A-11R-A056-07	0.08051946	0.08895996	0.11429604	0.06926034	0	0.27222283
TCGA-EW-A6SB-01A-12R-A32P-07	0.20337339	0.07160123	0.05200568	0.11747626	0	0.33522493
TCGA-D8-A1XZ-01A-11R-A14M-07	0.09120198	0.05746497	0.09877348	0.12253326	0.03399933	0.39782743
TCGA-C8-A12U-01A-11R-A115-07	0.02693537	0	0.24507744	0.0844694	0	0.25788947
TCGA-E2-A1LE-01A-12R-A19W-07	0.06392319	0.15229699	0.28880257	0.16379711	0.10149377	0.60366501
TCGA-BH-A1FC-01A-11R-A13Q-07	0.05347727	0.11514308	0.26381166	0.15422382	0	0.48010089
TCGA-B6-A409-01A-11R-A24H-07	0.06524672	0.15690545	0	0.04391496	0	0.37438703
TCGA-E2-A15T-01A-11R-A115-07	0.03031167	0.04944627	0.04727013	0.0179972	0	0.10518802
TCGA-A8-A079-01A-21R-A00Z-07	0.12503025	0.04131701	0.12612765	0	0	0.38857501
TCGA-A2-A3XW-01A-11R-A239-07	0	0.1694268	0	0.01936885	0	0.57778622
TCGA-BH-A0HY-01A-11R-A056-07	0.21054868	0.11541481	0.16363214	0	0.01602723	0.29242668
TCGA-OL-A66L-01A-12R-A31O-07	0	0.0678648	0.15501165	0.06887671	0	0.42823056
TCGA-OL-A5S0-01A-11R-A28M-07	0	0.1535548	0	0.1654066	0	0.5796338
TCGA-GM-A3NY-01A-11R-A21T-07	0.06505583	0.10278776	0.07095698	0.01916705	0	0.18050462
TCGA-AO-A0J4-01A-11R-A034-07	0.19480207	0.34368682	0.09788906	0.20525671	0	0.66966668
TCGA-A8-A0A4-01A-11R-A00Z-07	0.05803454	0.09340123	0.14363872	0.02499393	0.04469945	0.29747172
TCGA-BH-A0BO-01A-23R-A12D-07	0	0.18850739	0.04408457	0.45978858	0.12065678	0.6531343
TCGA-E9-A1NH-01A-11R-A14D-07	0.09606452	0.11289629	0.19916994	0.14105719	0.09971746	0.46676028
TCGA-B6-A0RH-01A-21R-A115-07	0.08388842	0.02614498	0.06539716	0.03363213	0	0.15082385
TCGA-S3-AA11-01A-31R-A41B-07	0.04866999	0.05962299	0.0505899	0.03687448	0.05090074	0.15856757
TCGA-A8-A09I-01A-22R-A034-07	0.04584013	0.0386838	0.16276624	0.15318625	0.03586651	0.58873116
TCGA-D8-A1JK-01A-11R-A13Q-07	0	0.03973375	0.24561124	0.26810117	0.0574022	0.63768602
TCGA-BH-A1EX-01A-11R-A13Q-07	0.03452206	0.1483472	0.17712976	0.18198524	0.19528389	0.6212311
TCGA-AO-A12B-01A-11R-A10J-07	0.005005652	0	0.111583382	0.00321335	0	0.05490552
TCGA-BH-A0DQ-01A-11R-A084-07	0.02026578	0.12615219	0.14536958	0.11297723	0.13858431	0.49598461
TCGA-A8-A09R-01A-11R-A00Z-07	0.03089311	0.13767819	0.09450115	0.1905153	0.05283021	0.64968165
TCGA-E2-A15D-01A-11R-A115-07	0.054893664	0.119981051	0.180779053	0.075585899	0.005813898	0.378597552
TCGA-E2-A153-01A-12R-A12D-07	0.004342646	0.073864757	0.14265909	0.133657116	0.1825567	0.444187633
TCGA-C8-A26Z-01A-11R-A16F-07	0.02862969	0.01821728	0.08159023	0.0388275	0	0.12750999
TCGA-E9-A3HO-01A-11R-A213-07	0.03967044	0.18091277	0.05332394	0.02894292	0	0.18833231
TCGA-A8-A06T-01A-11R-A00Z-07	0.03063675	0.0761416	0.10986036	0.06353502	0	0.22892863
TCGA-OL-A66H-01A-11R-A29R-07	0.005856341	0.144667217	0.018500094	0.159654359	0.164419949	0.413765691
TCGA-C8-A26V-01A-11R-A16F-07	0.11173018	0.04243208	0.10485646	0.08355299	0	0.4003355
TCGA-LD-A9QF-01A-32R-A41B-07	0.05521271	0.3069619	0.34234829	0.31356005	0.05640026	1.2539178
TCGA-E2-A15L-01A-11R-A12D-07	0.06920458	0.07011752	0.15199744	0.11909618	0.17981433	0.22138486
TCGA-E9-A248-01A-11R-A169-07	0.2122773	0.1988338	0.5485225	0.2367001	0.1590128	0.7885212
TCGA-AC-A7VB-01A-11R-A352-07	0.07317385	0.03634779	0.02437514	0	0	0.04590037
TCGA-A8-A092-01A-11R-A00Z-07	0.04697713	0.07345295	0.03247466	0.02724775	0.0835045	0.25512862
TCGA-A8-A09T-01A-11R-A00Z-07	0.19769326	0.01915846	0.11157695	0.09942994	0.05290414	0.52922708
TCGA-A2-A25B-01A-11R-A169-07	0.04718071	0.10158095	0.11767116	0.13564483	0.08153186	0.47294246
TCGA-AR-A0U2-01A-11R-A109-07	0.12606886	0.05069852	0.29698284	0.09497578	0.15871217	0.37415719
TCGA-AO-A1KP-01A-11R-A13Q-07	0.048409604	0.007153045	0.06298178	0.039661041	0	0.046339042
TCGA-A2-A3XX-01A-21R-A239-07	0.03170599	0.13084161	0.04973909	0.06413354	0.02515388	0.40376783
TCGA-LL-A73Y-01A-11R-A33J-07	0	0.2625719	0.07275164	0.10329888	0	1.0511159
TCGA-BH-A1FB-01A-11R-A13Q-07	0.1798343	0.3264107	0.3889905	0.3004992	0.1054386	0.9869672
TCGA-AC-A6IW-01A-12R-A33J-07	0.008498298	0.278625537	0.10713627	0.343656513	0.129809075	1.185524369
TCGA-BH-A0BW-01A-11R-A115-07	0.08474101	0.33319528	0.16808184	0.5124672	0	1.20982656
TCGA-C8-A1HI-01A-11R-A137-07	0.02896339	0.02826129	0.09282391	0.05188467	0.06573059	0.24208505
TCGA-A1-A0SO-01A-22R-A084-07	0.08484954	0.11797413	0.09624824	0.06073284	0.12356737	0.30354426
TCGA-PL-A8LZ-01A-31R-A36F-07	0	0.36157354	0.15352542	0.378572	0.03863441	0.81998169
TCGA-PL-A8LY-01A-11R-A41B-07	0.02747672	0.05793987	0.16421295	0.06053594	0.06177919	0.2592573
TCGA-B6-A2IU-01A-32R-A18M-07	0.07411832	0.06983624	0.13155865	0.01881116	0	0.19852406
TCGA-C8-A137-01A-11R-A115-07	0.1500123	0.02339164	0.19328954	0.05263395	0.03258251	0.30367249
